\mathbb{C}^3/\mathbb{Z}_6 ~(1,1,4)	X[1, 2, 1]**X[2, 3, 2]**X[3, 1, 1] - X[1, 2, 2]**X[2, 3, 1]**X[3, 1, 1] + X[2, 3, 1]**X[3, 4, 2]**X[4, 2, 1] - X[2, 3, 2]**X[3, 4, 1]**X[4, 2, 1] + X[3, 4, 1]**X[4, 5, 2]**X[5, 3, 1] - X[3, 4, 2]**X[4, 5, 1]**X[5, 3, 1] + X[4, 5, 1]**X[5, 6, 2]**X[6, 4, 1] - X[4, 5, 2]**X[5, 6, 1]**X[6, 4, 1] + X[5, 6, 1]**X[6, 1, 2]**X[1, 5, 1] - X[5, 6, 2]**X[6, 1, 1]**X[1, 5, 1] + X[6, 1, 1]**X[1, 2, 2]**X[2, 6, 1] - X[6, 1, 2]**X[1, 2, 1]**X[2, 6, 1]
\mathbb{C}^3/\mathbb{Z}_5 ~(1,2,2)	-X[1, 2, 1]**X[2, 3, 2]**X[3, 1, 1] + X[1, 2, 1]**X[2, 5, 1]**X[5, 1, 2] + X[1, 2, 2]**X[2, 3, 1]**X[3, 1, 1] - X[1, 2, 2]**X[2, 5, 1]**X[5, 1, 1] - X[2, 3, 1]**X[3, 4, 2]**X[4, 2, 1] + X[2, 3, 2]**X[3, 4, 1]**X[4, 2, 1] - X[3, 4, 1]**X[4, 5, 2]**X[5, 3, 1] + X[3, 4, 2]**X[4, 5, 1]**X[5, 3, 1] - X[4, 5, 1]**X[5, 1, 2]**X[1, 4, 1] + X[4, 5, 2]**X[5, 1, 1]**X[1, 4, 1]
\mathbb{C}^3/\mathbb{Z}_8 ~(1,3,4)	-X[1, 3, 1]**X[3, 2, 1]**X[2, 1, 1] + X[1, 3, 1]**X[3, 8, 1]**X[8, 1, 1] - X[1, 6, 1]**X[6, 8, 1]**X[8, 1, 1] - X[1, 8, 1]**X[8, 7, 1]**X[7, 1, 1] - X[2, 3, 1]**X[3, 8, 1]**X[8, 2, 1] + X[2, 5, 1]**X[5, 3, 1]**X[3, 2, 1] - X[2, 5, 1]**X[5, 4, 1]**X[4, 2, 1] + X[3, 4, 1]**X[4, 2, 1]**X[2, 3, 1] - X[3, 4, 1]**X[4, 5, 1]**X[5, 3, 1] + X[4, 6, 1]**X[6, 5, 1]**X[5, 4, 1] - X[4, 6, 1]**X[6, 7, 1]**X[7, 4, 1] + X[5, 7, 1]**X[7, 4, 1]**X[4, 5, 1] - X[5, 7, 1]**X[7, 6, 1]**X[6, 5, 1] + X[6, 7, 1]**X[7, 1, 1]**X[1, 6, 1] + X[6, 8, 1]**X[8, 7, 1]**X[7, 6, 1] + X[8, 2, 1]**X[2, 1, 1]**X[1, 8, 1]
\mathbb{C}^3/(\mathbb{Z}_2\times\mathbb{Z}_5) ~(1,0,1)(0,1,4)	-X[1, 2, 1]**X[2, 7, 1]**X[7, 1, 1] + X[1, 6, 1]**X[6, 2, 1]**X[2, 1, 1] - X[1, 6, 1]**X[6, 5, 1]**X[5, 1, 1] - X[1, 8, 1]**X[8, 2, 1]**X[2, 1, 1] + X[1, 8, 1]**X[8, 7, 1]**X[7, 1, 1] + X[2, 5, 1]**X[5, 1, 1]**X[1, 2, 1] - X[2, 5, 1]**X[5, 6, 1]**X[6, 2, 1] + X[2, 7, 1]**X[7, 8, 1]**X[8, 2, 1] + X[3, 4, 1]**X[4, 8, 1]**X[8, 3, 1] - X[3, 4, 1]**X[4, 10, 1]**X[10, 3, 1] + X[3, 7, 1]**X[7, 4, 1]**X[4, 3, 1] - X[3, 7, 1]**X[7, 8, 1]**X[8, 3, 1] - X[3, 9, 1]**X[9, 4, 1]**X[4, 3, 1] + X[3, 9, 1]**X[9, 10, 1]**X[10, 3, 1] - X[4, 8, 1]**X[8, 7, 1]**X[7, 4, 1] + X[4, 10, 1]**X[10, 9, 1]**X[9, 4, 1] + X[5, 6, 1]**X[6, 10, 1]**X[10, 5, 1] + X[5, 9, 1]**X[9, 6, 1]**X[6, 5, 1] - X[5, 9, 1]**X[9, 10, 1]**X[10, 5, 1] - X[6, 10, 1]**X[10, 9, 1]**X[9, 6, 1]
\mathbb{C}^3/(\mathbb{Z}_2\times\mathbb{Z}_6) ~(1,0,1)(1,0,5)	-X[1, 6, 1]**X[6, 2, 1]**X[2, 1, 1] + X[1, 9, 1]**X[9, 2, 1]**X[2, 1, 1] - X[1, 9, 1]**X[9, 10, 1]**X[10, 1, 1] - X[2, 5, 1]**X[5, 1, 1]**X[1, 2, 1] + X[2, 10, 1]**X[10, 1, 1]**X[1, 2, 1] - X[2, 10, 1]**X[10, 9, 1]**X[9, 2, 1] + X[3, 7, 1]**X[7, 4, 1]**X[4, 3, 1] - X[3, 9, 1]**X[9, 4, 1]**X[4, 3, 1] + X[4, 8, 1]**X[8, 3, 1]**X[3, 4, 1] - X[4, 10, 1]**X[10, 3, 1]**X[3, 4, 1] + X[5, 1, 1]**X[1, 6, 1]**X[6, 5, 1] - X[5, 12, 1]**X[12, 6, 1]**X[6, 5, 1] + X[6, 2, 1]**X[2, 5, 1]**X[5, 6, 1] - X[6, 11, 1]**X[11, 5, 1]**X[5, 6, 1] - X[7, 4, 1]**X[4, 8, 1]**X[8, 7, 1] + X[7, 12, 1]**X[12, 8, 1]**X[8, 7, 1] - X[8, 3, 1]**X[3, 7, 1]**X[7, 8, 1] + X[8, 11, 1]**X[11, 7, 1]**X[7, 8, 1] + X[9, 4, 1]**X[4, 10, 1]**X[10, 9, 1] + X[10, 3, 1]**X[3, 9, 1]**X[9, 10, 1] + X[11, 5, 1]**X[5, 12, 1]**X[12, 11, 1] - X[11, 7, 1]**X[7, 12, 1]**X[12, 11, 1] + X[12, 6, 1]**X[6, 11, 1]**X[11, 12, 1] - X[12, 8, 1]**X[8, 11, 1]**X[11, 12, 1]
L^{3,3,1}	X[1, 5, 1]**X[5, 6, 1]**X[6, 1, 2] + X[2, 6, 1]**X[6, 1, 1]**X[1, 2, 2] - X[3, 4, 2]**X[4, 5, 1]**X[5, 3, 1] - X[4, 5, 2]**X[5, 6, 1]**X[6, 4, 1] + X[5, 3, 1]**X[3, 4, 1]**X[4, 5, 2] - X[5, 6, 2]**X[6, 1, 1]**X[1, 5, 1] - X[6, 1, 2]**X[1, 2, 1]**X[2, 6, 1] + X[6, 4, 1]**X[4, 5, 1]**X[5, 6, 2] + X[1, 2, 1]**X[2, 3, 1]**X[3, 4, 2]**X[4, 1, 1] - X[2, 3, 1]**X[3, 4, 1]**X[4, 1, 1]**X[1, 2, 2]
L^{3,3,2}	-X[1, 2, 1]**X[2, 3, 2]**X[3, 1, 1] + X[1, 2, 1]**X[2, 6, 1]**X[6, 1, 2] + X[1, 2, 2]**X[2, 3, 1]**X[3, 1, 1] - X[1, 2, 2]**X[2, 6, 1]**X[6, 1, 1] - X[1, 4, 1]**X[4, 5, 1]**X[5, 6, 1]**X[6, 1, 2] + X[1, 4, 1]**X[4, 5, 2]**X[5, 6, 1]**X[6, 1, 1] + X[3, 4, 1]**X[4, 5, 1]**X[5, 2, 1]**X[2, 3, 2] - X[3, 4, 1]**X[4, 5, 2]**X[5, 2, 1]**X[2, 3, 1]	-X[1, 2, 1]**X[2, 3, 2]**X[3, 1, 1] + X[1, 2, 1]**X[2, 6, 1]**X[6, 1, 2] + X[1, 2, 2]**X[2, 3, 1]**X[3, 1, 1] - X[1, 2, 2]**X[2, 6, 1]**X[6, 1, 1] - X[1, 5, 1]**X[5, 6, 1]**X[6, 1, 2] + X[1, 5, 2]**X[5, 6, 1]**X[6, 1, 1] + X[3, 5, 1]**X[5, 2, 1]**X[2, 3, 2] + X[3, 5, 1]**X[5, 4, 2]**X[4, 3, 1] - X[3, 5, 2]**X[5, 2, 1]**X[2, 3, 1] - X[3, 5, 2]**X[5, 4, 1]**X[4, 3, 1]
Y^{3,0}	-X[1, 2, 1]**X[2, 5, 1]**X[5, 6, 2]**X[6, 1, 1] + X[2, 5, 1]**X[5, 6, 1]**X[6, 1, 1]**X[1, 2, 2] - X[3, 4, 1]**X[4, 1, 1]**X[1, 2, 2]**X[2, 3, 1] + X[4, 1, 1]**X[1, 2, 1]**X[2, 3, 1]**X[3, 4, 2] - X[5, 6, 1]**X[6, 3, 1]**X[3, 4, 2]**X[4, 5, 1] + X[6, 3, 1]**X[3, 4, 1]**X[4, 5, 1]**X[5, 6, 2]	-X[2, 1, 1]**X[1, 6, 1]**X[6, 2, 1] + X[2, 1, 2]**X[1, 6, 1]**X[6, 2, 2] + X[2, 5, 1]**X[5, 6, 1]**X[6, 2, 2] - X[2, 5, 1]**X[5, 6, 2]**X[6, 2, 1] - X[4, 2, 1]**X[2, 1, 2]**X[1, 4, 1] - X[4, 2, 1]**X[2, 3, 1]**X[3, 4, 1] + X[4, 2, 2]**X[2, 1, 1]**X[1, 4, 1] + X[4, 2, 2]**X[2, 3, 1]**X[3, 4, 2] - X[5, 6, 1]**X[6, 3, 1]**X[3, 4, 2]**X[4, 5, 1] + X[6, 3, 1]**X[3, 4, 1]**X[4, 5, 1]**X[5, 6, 2]	-X[2, 1, 1]**X[1, 6, 1]**X[6, 2, 1] + X[2, 1, 2]**X[1, 6, 1]**X[6, 2, 2] + X[2, 5, 1]**X[5, 6, 1]**X[6, 2, 2] - X[2, 5, 1]**X[5, 6, 2]**X[6, 2, 1] + X[6, 4, 1]**X[4, 3, 2]**X[3, 6, 1] + X[6, 4, 1]**X[4, 5, 1]**X[5, 6, 2] - X[6, 4, 2]**X[4, 3, 1]**X[3, 6, 1] - X[6, 4, 2]**X[4, 5, 1]**X[5, 6, 1] - X[4, 3, 1]**X[3, 2, 1]**X[2, 1, 2]**X[1, 4, 1] + X[4, 3, 2]**X[3, 2, 1]**X[2, 1, 1]**X[1, 4, 1]
\text{SPP}/(\mathbb{Z}_2\times\mathbb{Z}_2) ~(1,0,0,1)(0,1,1,0)	X[1, 3, 1]**X[3, 2, 1]**X[2, 1, 1] - X[1, 12, 1]**X[12, 2, 1]**X[2, 1, 1] + X[2, 4, 1]**X[4, 1, 1]**X[1, 2, 1] - X[2, 11, 1]**X[11, 1, 1]**X[1, 2, 1] - X[7, 5, 1]**X[5, 8, 1]**X[8, 7, 1] + X[7, 10, 1]**X[10, 8, 1]**X[8, 7, 1] - X[8, 6, 1]**X[6, 7, 1]**X[7, 8, 1] + X[8, 9, 1]**X[9, 7, 1]**X[7, 8, 1] - X[1, 3, 1]**X[3, 6, 1]**X[6, 4, 1]**X[4, 1, 1] - X[2, 4, 1]**X[4, 5, 1]**X[5, 3, 1]**X[3, 2, 1] + X[5, 8, 1]**X[8, 6, 1]**X[6, 4, 1]**X[4, 5, 1] + X[6, 7, 1]**X[7, 5, 1]**X[5, 3, 1]**X[3, 6, 1] - X[7, 10, 1]**X[10, 11, 1]**X[11, 9, 1]**X[9, 7, 1] - X[8, 9, 1]**X[9, 12, 1]**X[12, 10, 1]**X[10, 8, 1] + X[10, 11, 1]**X[11, 1, 1]**X[1, 12, 1]**X[12, 10, 1] + X[12, 2, 1]**X[2, 11, 1]**X[11, 9, 1]**X[9, 12, 1]	X[1, 6, 1]**X[6, 3, 1]**X[3, 1, 1] - X[1, 6, 1]**X[6, 4, 1]**X[4, 1, 1] + X[2, 3, 1]**X[3, 5, 1]**X[5, 2, 1] + X[2, 4, 1]**X[4, 1, 1]**X[1, 2, 1] - X[2, 4, 1]**X[4, 5, 1]**X[5, 2, 1] - X[2, 11, 1]**X[11, 1, 1]**X[1, 2, 1] - X[6, 3, 1]**X[3, 5, 1]**X[5, 6, 1] + X[6, 7, 1]**X[7, 5, 1]**X[5, 6, 1] - X[7, 5, 1]**X[5, 8, 1]**X[8, 7, 1] + X[7, 10, 1]**X[10, 8, 1]**X[8, 7, 1] - X[8, 6, 1]**X[6, 7, 1]**X[7, 8, 1] + X[8, 9, 1]**X[9, 7, 1]**X[7, 8, 1] - X[1, 12, 1]**X[12, 2, 1]**X[2, 3, 1]**X[3, 1, 1] + X[5, 8, 1]**X[8, 6, 1]**X[6, 4, 1]**X[4, 5, 1] - X[7, 10, 1]**X[10, 11, 1]**X[11, 9, 1]**X[9, 7, 1] - X[8, 9, 1]**X[9, 12, 1]**X[12, 10, 1]**X[10, 8, 1] + X[10, 11, 1]**X[11, 1, 1]**X[1, 12, 1]**X[12, 10, 1] + X[12, 2, 1]**X[2, 11, 1]**X[11, 9, 1]**X[9, 12, 1]	X[1, 6, 1]**X[6, 3, 1]**X[3, 1, 1] - X[1, 6, 1]**X[6, 4, 1]**X[4, 1, 1] + X[2, 3, 1]**X[3, 5, 1]**X[5, 2, 1] + X[2, 4, 1]**X[4, 1, 1]**X[1, 2, 1] - X[2, 4, 1]**X[4, 5, 1]**X[5, 2, 1] - X[2, 11, 1]**X[11, 1, 1]**X[1, 2, 1] - X[6, 3, 1]**X[3, 5, 1]**X[5, 6, 1] + X[6, 7, 1]**X[7, 5, 1]**X[5, 6, 1] - X[7, 5, 1]**X[5, 8, 1]**X[8, 7, 1] + X[7, 9, 1]**X[9, 11, 1]**X[11, 7, 1] + X[7, 10, 1]**X[10, 8, 1]**X[8, 7, 1] - X[7, 10, 1]**X[10, 11, 1]**X[11, 7, 1] + X[8, 12, 1]**X[12, 9, 1]**X[9, 8, 1] - X[8, 12, 1]**X[12, 10, 1]**X[10, 8, 1] + X[12, 2, 1]**X[2, 11, 1]**X[11, 12, 1] - X[12, 9, 1]**X[9, 11, 1]**X[9, 12, 1] - X[1, 12, 1]**X[12, 2, 1]**X[2, 3, 1]**X[3, 1, 1] + X[5, 8, 1]**X[8, 6, 1]**X[6, 4, 1]**X[4, 5, 1] - X[8, 6, 1]**X[6, 7, 1]**X[7, 9, 1]**X[9, 8, 1] + X[10, 11, 1]**X[11, 1, 1]**X[1, 12, 1]**X[12, 10, 1]
L^{2,3,2}/\mathbb{Z}_2 ~(1,0,0,1)	X[1, 3, 1]**X[3, 2, 1]**X[2, 1, 1] - X[1, 10, 1]**X[10, 2, 1]**X[2, 1, 1] + X[2, 4, 1]**X[4, 1, 1]**X[1, 2, 1] - X[2, 9, 1]**X[9, 1, 1]**X[1, 2, 1] - X[1, 3, 1]**X[3, 6, 1]**X[6, 4, 1]**X[4, 1, 1] - X[2, 4, 1]**X[4, 5, 1]**X[5, 3, 1]**X[3, 2, 1] + X[5, 7, 1]**X[7, 6, 1]**X[6, 4, 1]**X[4, 5, 1] - X[5, 7, 1]**X[7, 10, 1]**X[10, 8, 1]**X[8, 5, 1] + X[6, 8, 1]**X[8, 5, 1]**X[5, 3, 1]**X[3, 6, 1] - X[6, 8, 1]**X[8, 9, 1]**X[9, 7, 1]**X[7, 6, 1] + X[9, 1, 1]**X[1, 10, 1]**X[10, 8, 1]**X[8, 9, 1] + X[10, 2, 1]**X[2, 9, 1]**X[9, 7, 1]**X[7, 10, 1]	X[1, 6, 1]**X[6, 3, 1]**X[3, 1, 1] - X[1, 6, 1]**X[6, 4, 1]**X[4, 1, 1] + X[2, 3, 1]**X[3, 5, 1]**X[5, 2, 1] + X[2, 4, 1]**X[4, 1, 1]**X[1, 2, 1] - X[2, 4, 1]**X[4, 5, 1]**X[5, 2, 1] - X[2, 9, 1]**X[9, 1, 1]**X[1, 2, 1] - X[6, 3, 1]**X[3, 5, 1]**X[5, 6, 1] + X[6, 8, 1]**X[8, 5, 1]**X[5, 6, 1] - X[1, 10, 1]**X[10, 2, 1]**X[2, 3, 1]**X[3, 1, 1] + X[5, 7, 1]**X[7, 6, 1]**X[6, 4, 1]**X[4, 5, 1] - X[5, 7, 1]**X[7, 10, 1]**X[10, 8, 1]**X[8, 5, 1] - X[6, 8, 1]**X[8, 9, 1]**X[9, 7, 1]**X[7, 6, 1] + X[9, 1, 1]**X[1, 10, 1]**X[10, 8, 1]**X[8, 9, 1] + X[10, 2, 1]**X[2, 9, 1]**X[9, 7, 1]**X[7, 10, 1]	X[1, 6, 1]**X[6, 3, 1]**X[3, 1, 1] - X[1, 6, 1]**X[6, 4, 1]**X[4, 1, 1] - X[1, 9, 1]**X[9, 8, 1]**X[8, 1, 1] + X[1, 10, 1]**X[10, 8, 1]**X[8, 1, 1] + X[2, 3, 1]**X[3, 5, 1]**X[5, 2, 1] - X[2, 4, 1]**X[4, 5, 1]**X[5, 2, 1] - X[6, 3, 1]**X[3, 5, 1]**X[5, 6, 1] + X[6, 8, 1]**X[8, 5, 1]**X[5, 6, 1] - X[7, 6, 1]**X[6, 8, 1]**X[8, 7, 1] - X[7, 9, 1]**X[9, 2, 1]**X[2, 7, 1] + X[7, 9, 1]**X[9, 8, 1]**X[8, 7, 1] + X[7, 10, 1]**X[10, 2, 1]**X[2, 7, 1] - X[1, 10, 1]**X[10, 2, 1]**X[2, 3, 1]**X[3, 1, 1] + X[2, 4, 1]**X[4, 1, 1]**X[1, 9, 1]**X[9, 2, 1] + X[5, 7, 1]**X[7, 6, 1]**X[6, 4, 1]**X[4, 5, 1] - X[5, 7, 1]**X[7, 10, 1]**X[10, 8, 1]**X[8, 5, 1]	-X[1, 2, 2]**X[2, 3, 1]**X[3, 1, 1] + X[1, 2, 2]**X[2, 10, 1]**X[10, 1, 1] + X[1, 6, 1]**X[6, 3, 1]**X[3, 1, 1] - X[1, 6, 1]**X[6, 4, 1]**X[4, 1, 1] + X[2, 3, 1]**X[3, 5, 1]**X[5, 2, 1] + X[2, 4, 1]**X[4, 1, 1]**X[1, 2, 1] - X[2, 4, 1]**X[4, 5, 1]**X[5, 2, 1] - X[2, 9, 1]**X[9, 1, 1]**X[1, 2, 1] + X[2, 9, 1]**X[9, 7, 1]**X[7, 2, 1] - X[2, 10, 1]**X[10, 7, 1]**X[7, 2, 1] - X[6, 3, 1]**X[3, 5, 1]**X[5, 6, 1] + X[6, 8, 1]**X[8, 5, 1]**X[5, 6, 1] - X[8, 5, 1]**X[5, 7, 1]**X[7, 8, 1] + X[8, 9, 1]**X[9, 1, 1]**X[1, 8, 1] - X[8, 10, 1]**X[10, 1, 1]**X[1, 8, 1] + X[8, 10, 1]**X[10, 7, 1]**X[7, 8, 1] + X[5, 7, 1]**X[7, 6, 1]**X[6, 4, 1]**X[4, 5, 1] - X[6, 8, 1]**X[8, 9, 1]**X[9, 7, 1]**X[7, 6, 1]
\text{dP}_1/\mathbb{Z}_2 ~(1,0,0,1)	-X[1, 8, 1]**X[8, 3, 1]**X[3, 1, 1] - X[3, 2, 1]**X[2, 4, 1]**X[4, 3, 2] + X[3, 5, 1]**X[5, 4, 1]**X[4, 3, 2] - X[4, 3, 1]**X[3, 5, 1]**X[5, 4, 2] + X[4, 6, 1]**X[6, 5, 1]**X[5, 4, 2] + X[5, 8, 1]**X[8, 7, 1]**X[7, 5, 1] - X[6, 5, 1]**X[5, 8, 1]**X[8, 6, 1] + X[8, 3, 1]**X[3, 2, 1]**X[2, 8, 1] + X[1, 2, 1]**X[2, 4, 1]**X[4, 3, 1]**X[3, 1, 1] - X[5, 4, 1]**X[4, 6, 1]**X[6, 7, 1]**X[7, 5, 1] + X[6, 7, 1]**X[7, 1, 1]**X[1, 8, 1]**X[8, 6, 1] - X[8, 7, 1]**X[7, 1, 1]**X[1, 2, 1]**X[2, 8, 1]	-X[1, 8, 1]**X[8, 3, 1]**X[3, 1, 1] - X[3, 2, 1]**X[2, 4, 1]**X[4, 3, 2] + X[3, 5, 1]**X[5, 4, 1]**X[4, 3, 2] - X[4, 7, 1]**X[7, 5, 1]**X[5, 4, 1] + X[4, 7, 1]**X[7, 6, 1]**X[6, 4, 1] + X[7, 1, 1]**X[1, 8, 1]**X[8, 7, 2] - X[7, 6, 1]**X[6, 8, 1]**X[8, 7, 2] + X[8, 3, 1]**X[3, 2, 1]**X[2, 8, 1] + X[1, 2, 1]**X[2, 4, 1]**X[4, 3, 1]**X[3, 1, 1] - X[4, 3, 1]**X[3, 5, 1]**X[5, 6, 1]**X[6, 4, 1] + X[5, 6, 1]**X[6, 8, 1]**X[8, 7, 1]**X[7, 5, 1] - X[8, 7, 1]**X[7, 1, 1]**X[1, 2, 1]**X[2, 8, 1]	-X[1, 8, 1]**X[8, 3, 1]**X[3, 1, 1] - X[3, 2, 1]**X[2, 4, 1]**X[4, 3, 2] + X[3, 5, 1]**X[5, 4, 1]**X[4, 3, 2] - X[4, 3, 1]**X[3, 5, 1]**X[5, 4, 2] + X[4, 6, 1]**X[6, 5, 1]**X[5, 4, 2] - X[5, 4, 1]**X[4, 6, 1]**X[6, 5, 2] + X[5, 7, 1]**X[7, 6, 1]**X[6, 5, 2] - X[6, 1, 1]**X[1, 7, 1]**X[7, 6, 1] + X[6, 1, 1]**X[1, 8, 1]**X[8, 6, 1] - X[8, 1, 1]**X[1, 2, 1]**X[2, 8, 1] + X[8, 1, 1]**X[1, 7, 1]**X[7, 8, 1] + X[8, 3, 1]**X[3, 2, 1]**X[2, 8, 1] + X[1, 2, 1]**X[2, 4, 1]**X[4, 3, 1]**X[3, 1, 1] - X[5, 7, 1]**X[7, 8, 1]**X[8, 6, 1]**X[6, 5, 1]
L^{1,4,1}/\mathbb{Z}_2 ~(1,0,0,1)	X[1, 3, 1]**X[3, 2, 1]**X[2, 1, 1] - X[1, 10, 1]**X[10, 2, 1]**X[2, 1, 1] + X[2, 4, 1]**X[4, 1, 1]**X[1, 2, 1] - X[2, 9, 1]**X[9, 1, 1]**X[1, 2, 1] - X[3, 2, 1]**X[2, 4, 1]**X[4, 3, 1] + X[3, 5, 1]**X[5, 4, 1]**X[4, 3, 1] - X[4, 1, 1]**X[1, 3, 1]**X[3, 4, 1] + X[4, 6, 1]**X[6, 3, 1]**X[3, 4, 1] + X[9, 1, 1]**X[1, 10, 1]**X[10, 9, 1] - X[9, 8, 1]**X[8, 10, 1]**X[10, 9, 1] + X[10, 2, 1]**X[2, 9, 1]**X[9, 10, 1] - X[10, 7, 1]**X[7, 9, 1]**X[9, 10, 1] - X[5, 4, 1]**X[4, 6, 1]**X[6, 7, 1]**X[7, 5, 1] + X[5, 8, 1]**X[8, 10, 1]**X[10, 7, 1]**X[7, 5, 1] - X[6, 3, 1]**X[3, 5, 1]**X[5, 8, 1]**X[8, 6, 1] + X[6, 7, 1]**X[7, 9, 1]**X[9, 8, 1]**X[8, 6, 1]	X[1, 3, 1]**X[3, 2, 1]**X[2, 1, 1] - X[1, 10, 1]**X[10, 2, 1]**X[2, 1, 1] + X[2, 4, 1]**X[4, 1, 1]**X[1, 2, 1] - X[2, 9, 1]**X[9, 1, 1]**X[1, 9, 1] - X[4, 1, 1]**X[1, 3, 1]**X[3, 4, 1] + X[4, 5, 1]**X[5, 7, 1]**X[7, 4, 1] + X[4, 6, 1]**X[6, 3, 1]**X[3, 4, 1] - X[4, 6, 1]**X[6, 7, 1]**X[7, 4, 1] + X[8, 5, 1]**X[5, 3, 1]**X[3, 8, 1] - X[8, 5, 1]**X[5, 7, 1]**X[7, 8, 1] - X[8, 6, 1]**X[6, 3, 1]**X[3, 8, 1] + X[8, 10, 1]**X[10, 7, 1]**X[7, 8, 1] + X[9, 1, 1]**X[1, 10, 1]**X[10, 9, 1] - X[9, 8, 1]**X[8, 10, 1]**X[10, 9, 1] + X[10, 2, 1]**X[2, 9, 1]**X[9, 10, 1] - X[10, 7, 1]**X[7, 9, 1]**X[9, 10, 1] - X[3, 2, 1]**X[2, 4, 1]**X[4, 5, 1]**X[5, 3, 1] + X[6, 7, 1]**X[7, 9, 1]**X[9, 8, 1]**X[8, 6, 1]
\text{PdP}_2/\mathbb{Z}_2 ~(1,1,1,1)	X[1, 4, 1]**X[4, 2, 1]**X[2, 1, 1] - X[1, 8, 1]**X[8, 2, 1]**X[2, 1, 1] + X[2, 3, 1]**X[3, 1, 1]**X[1, 2, 1] - X[2, 3, 1]**X[3, 4, 1]**X[4, 2, 1] - X[2, 10, 1]**X[10, 1, 1]**X[1, 2, 1] - X[4, 6, 1]**X[6, 7, 1]**X[7, 4, 1] + X[5, 7, 1]**X[7, 4, 1]**X[4, 5, 1] - X[6, 5, 1]**X[5, 7, 1]**X[7, 6, 1] + X[6, 9, 1]**X[9, 7, 1]**X[7, 6, 1] - X[6, 9, 1]**X[9, 8, 1]**X[8, 6, 1] + X[7, 8, 1]**X[8, 6, 1]**X[6, 7, 1] + X[10, 1, 1]**X[1, 8, 1]**X[8, 10, 1] - X[3, 1, 1]**X[1, 4, 1]**X[4, 5, 1]**X[5, 3, 1] + X[4, 6, 1]**X[6, 5, 1]**X[5, 3, 1]**X[3, 4, 1] + X[8, 2, 1]**X[2, 10, 1]**X[10, 9, 1]**X[9, 8, 1] - X[9, 7, 1]**X[7, 8, 1]**X[8, 10, 1]**X[10, 9, 1]	X[1, 3, 1]**X[3, 5, 1]**X[5, 1, 1] - X[1, 4, 1]**X[4, 5, 1]**X[5, 1, 1] - X[1, 8, 1]**X[8, 2, 1]**X[2, 1, 1] - X[4, 3, 1]**X[3, 5, 1]**X[5, 4, 1] + X[4, 6, 1]**X[6, 5, 1]**X[5, 4, 1] - X[4, 6, 1]**X[6, 7, 1]**X[7, 4, 1] + X[5, 7, 1]**X[7, 4, 1]**X[4, 5, 1] - X[6, 5, 1]**X[5, 7, 1]**X[7, 6, 1] + X[6, 9, 1]**X[9, 7, 1]**X[7, 6, 1] - X[6, 9, 1]**X[9, 8, 1]**X[8, 6, 1] + X[7, 8, 1]**X[8, 6, 1]**X[6, 7, 1] + X[10, 1, 1]**X[1, 8, 1]**X[8, 10, 1] + X[2, 1, 1]**X[1, 4, 1]**X[4, 3, 1]**X[3, 2, 1] - X[2, 10, 1]**X[10, 1, 1]**X[1, 3, 1]**X[3, 2, 1] + X[8, 2, 1]**X[2, 10, 1]**X[10, 9, 1]**X[9, 8, 1] - X[9, 7, 1]**X[7, 8, 1]**X[8, 10, 1]**X[10, 9, 1]	-X[1, 2, 1]**X[2, 3, 1]**X[3, 1, 1] + X[1, 3, 1]**X[3, 5, 1]**X[5, 1, 1] + X[1, 4, 1]**X[4, 3, 1]**X[3, 1, 1] - X[1, 4, 1]**X[4, 5, 1]**X[5, 1, 1] - X[4, 3, 1]**X[3, 5, 1]**X[5, 4, 1] + X[4, 6, 1]**X[6, 5, 1]**X[5, 4, 1] - X[4, 6, 1]**X[6, 7, 1]**X[7, 4, 1] + X[5, 7, 1]**X[7, 4, 1]**X[4, 5, 1] - X[6, 5, 1]**X[5, 7, 1]**X[7, 6, 1] + X[6, 9, 1]**X[9, 7, 1]**X[7, 6, 1] - X[6, 9, 1]**X[9, 8, 1]**X[8, 6, 1] + X[7, 8, 1]**X[8, 6, 1]**X[6, 7, 1] - X[10, 1, 1]**X[1, 3, 1]**X[3, 10, 1] + X[10, 2, 1]**X[2, 3, 1]**X[3, 10, 1] - X[10, 2, 1]**X[2, 8, 1]**X[8, 10, 2] + X[10, 9, 1]**X[9, 8, 1]**X[8, 10, 2] + X[1, 2, 1]**X[2, 8, 1]**X[8, 10, 1]**X[10, 1, 1] - X[9, 7, 1]**X[7, 8, 1]**X[8, 10, 1]**X[10, 9, 1]
L^{1,3,1}/\mathbb{Z}_2 ~(1,0,0,1)	X[1, 4, 1]**X[4, 2, 1]**X[2, 1, 1] - X[1, 5, 1]**X[5, 2, 1]**X[2, 1, 1] + X[2, 3, 1]**X[3, 1, 1]**X[1, 2, 1] - X[2, 6, 1]**X[6, 1, 1]**X[1, 2, 1] + X[5, 2, 1]**X[2, 6, 1]**X[6, 5, 1] + X[6, 1, 1]**X[1, 5, 1]**X[5, 6, 1] - X[7, 5, 1]**X[5, 6, 1]**X[6, 7, 1] - X[8, 6, 1]**X[6, 5, 1]**X[5, 8, 1] - X[1, 4, 1]**X[4, 7, 1]**X[7, 3, 1]**X[3, 1, 1] - X[2, 3, 1]**X[3, 8, 1]**X[8, 4, 1]**X[4, 2, 1] + X[3, 8, 1]**X[8, 6, 1]**X[6, 7, 1]**X[7, 3, 1] + X[4, 7, 1]**X[7, 5, 1]**X[5, 8, 1]**X[8, 4, 1]	X[1, 3, 1]**X[3, 7, 1]**X[7, 1, 1] + X[1, 4, 1]**X[4, 2, 1]**X[2, 1, 1] - X[1, 4, 1]**X[4, 7, 1]**X[7, 1, 1] - X[1, 5, 1]**X[5, 2, 1]**X[2, 1, 1] + X[2, 8, 1]**X[8, 3, 1]**X[3, 2, 1] - X[2, 8, 1]**X[8, 4, 1]**X[4, 2, 1] + X[5, 2, 1]**X[2, 6, 1]**X[6, 5, 1] + X[6, 1, 1]**X[1, 5, 1]**X[5, 6, 1] - X[7, 5, 1]**X[5, 6, 1]**X[6, 7, 1] - X[8, 3, 1]**X[3, 7, 1]**X[7, 8, 1] - X[8, 6, 1]**X[6, 5, 1]**X[5, 8, 1] + X[8, 6, 1]**X[6, 7, 1]**X[7, 8, 1] - X[2, 6, 1]**X[6, 1, 1]**X[1, 3, 1]**X[3, 2, 1] + X[4, 7, 1]**X[7, 5, 1]**X[5, 8, 1]**X[8, 4, 1]
L^{3,5,2}	X[1, 3, 1]**X[3, 2, 1]**X[2, 1, 1] - X[1, 3, 1]**X[3, 4, 1]**X[4, 1, 1] - X[1, 8, 1]**X[8, 2, 1]**X[2, 1, 1] + X[2, 4, 1]**X[4, 1, 1]**X[1, 2, 1] - X[2, 6, 1]**X[6, 1, 1]**X[1, 2, 1] - X[4, 7, 1]**X[7, 6, 1]**X[6, 4, 1] + X[5, 6, 1]**X[6, 4, 1]**X[4, 5, 1] + X[8, 2, 1]**X[2, 6, 1]**X[6, 8, 1] - X[2, 4, 1]**X[4, 5, 1]**X[5, 3, 1]**X[3, 2, 1] + X[4, 7, 1]**X[7, 5, 1]**X[5, 3, 1]**X[3, 4, 1] - X[5, 6, 1]**X[6, 8, 1]**X[8, 7, 1]**X[7, 5, 1] + X[6, 1, 1]**X[1, 8, 1]**X[8, 7, 1]**X[7, 6, 1]
L^{2,5,1}	-X[1, 2, 1]**X[2, 7, 1]**X[7, 1, 2] - X[2, 3, 1]**X[3, 1, 1]**X[1, 2, 2] + X[2, 7, 1]**X[7, 1, 1]**X[1, 2, 2] + X[3, 1, 1]**X[1, 2, 1]**X[2, 3, 2] - X[3, 4, 1]**X[4, 2, 1]**X[2, 3, 2] + X[4, 2, 1]**X[2, 3, 1]**X[3, 4, 2] + X[5, 3, 1]**X[3, 4, 1]**X[4, 5, 1] - X[5, 7, 1]**X[7, 4, 1]**X[4, 5, 1] - X[7, 1, 1]**X[1, 6, 1]**X[6, 7, 1] + X[7, 4, 1]**X[4, 6, 1]**X[6, 7, 1] - X[4, 6, 1]**X[6, 5, 1]**X[5, 3, 1]**X[3, 4, 2] + X[7, 1, 2]**X[1, 6, 1]**X[6, 5, 1]**X[5, 7, 1]
L^{5,6,1}	X[1, 4, 1]**X[4, 2, 1]**X[2, 1, 1] - X[2, 1, 1]**X[1, 10, 1]**X[10, 2, 1] + X[2, 3, 1]**X[3, 1, 1]**X[1, 2, 1] - X[2, 11, 1]**X[11, 1, 1]**X[1, 2, 1] - X[3, 1, 1]**X[1, 4, 1]**X[4, 3, 1] + X[5, 7, 1]**X[7, 3, 1]**X[3, 5, 1] - X[6, 5, 1]**X[5, 7, 1]**X[7, 6, 1] + X[6, 8, 1]**X[8, 7, 1]**X[7, 6, 1] - X[6, 8, 1]**X[8, 9, 1]**X[9, 6, 1] - X[7, 3, 1]**X[3, 6, 1]**X[6, 7, 1] + X[7, 9, 1]**X[9, 6, 1]**X[6, 7, 1] - X[8, 7, 1]**X[7, 9, 1]**X[9, 8, 1] + X[8, 11, 1]**X[11, 9, 1]**X[9, 8, 1] + X[9, 10, 1]**X[10, 8, 1]**X[8, 9, 1] + X[10, 2, 1]**X[2, 11, 1]**X[11, 10, 1] - X[10, 8, 1]**X[8, 11, 1]**X[11, 10, 1] + X[11, 1, 1]**X[1, 10, 1]**X[10, 11, 1] - X[11, 9, 1]**X[9, 10, 1]**X[10, 11, 1] + X[3, 6, 1]**X[6, 5, 1]**X[5, 4, 1]**X[4, 3, 1] - X[4, 2, 1]**X[2, 3, 1]**X[3, 5, 1]**X[5, 4, 1]
L^{2,4,1}	X[1, 2, 1]**X[2, 6, 1]**X[6, 1, 2] - X[1, 2, 2]**X[2, 6, 1]**X[6, 1, 1] + X[4, 1, 1]**X[1, 2, 2]**X[2, 4, 1] - X[4, 5, 1]**X[5, 2, 1]**X[2, 4, 1] + X[5, 2, 1]**X[2, 3, 1]**X[3, 5, 1] - X[5, 6, 2]**X[6, 3, 1]**X[3, 5, 1] + X[6, 1, 1]**X[1, 5, 1]**X[5, 6, 2] - X[6, 1, 2]**X[1, 5, 1]**X[5, 6, 1] - X[2, 3, 1]**X[3, 4, 1]**X[4, 1, 1]**X[1, 2, 1] + X[6, 3, 1]**X[3, 4, 1]**X[4, 5, 1]**X[5, 6, 1]
L^{5,4,1}	X[1, 2, 1]**X[2, 3, 1]**X[3, 1, 1] - X[1, 9, 1]**X[9, 2, 1]**X[2, 1, 1] + X[2, 1, 1]**X[1, 4, 1]**X[4, 2, 1] - X[2, 8, 1]**X[8, 1, 1]**X[1, 2, 1] - X[3, 1, 1]**X[1, 4, 1]**X[4, 3, 1] + X[3, 4, 1]**X[4, 5, 1]**X[5, 3, 1] - X[4, 2, 1]**X[2, 3, 1]**X[3, 4, 1] + X[4, 3, 1]**X[3, 6, 1]**X[6, 4, 1] - X[6, 4, 1]**X[4, 5, 1]**X[5, 6, 1] + X[7, 9, 1]**X[9, 6, 1]**X[6, 7, 1] + X[8, 1, 1]**X[1, 9, 1]**X[9, 8, 1] - X[8, 7, 1]**X[7, 9, 1]**X[9, 8, 1] + X[9, 2, 1]**X[2, 8, 1]**X[8, 9, 1] - X[9, 6, 1]**X[6, 8, 1]**X[8, 9, 1] - X[5, 3, 1]**X[3, 6, 1]**X[6, 7, 1]**X[7, 5, 1] + X[5, 6, 1]**X[6, 8, 1]**X[8, 7, 1]**X[7, 5, 1]
L^{1,5,1}/\mathbb{Z}_2 ~(1,0,0,1)	-X[3, 1, 1]**X[1, 4, 1]**X[4, 3, 1] + X[3, 5, 1]**X[5, 4, 1]**X[4, 3, 1] - X[4, 2, 1]**X[2, 3, 1]**X[3, 4, 1] + X[4, 6, 1]**X[6, 3, 1]**X[3, 4, 1] - X[5, 4, 1]**X[4, 6, 1]**X[6, 5, 1] + X[5, 7, 1]**X[7, 6, 1]**X[6, 5, 1] - X[6, 3, 1]**X[3, 5, 1]**X[5, 6, 1] + X[6, 8, 1]**X[8, 5, 1]**X[5, 6, 1] - X[7, 6, 1]**X[6, 8, 1]**X[8, 7, 1] + X[7, 10, 1]**X[10, 8, 1]**X[8, 7, 1] - X[8, 5, 1]**X[5, 7, 1]**X[7, 8, 1] + X[8, 9, 1]**X[9, 7, 1]**X[7, 8, 1] - X[9, 7, 1]**X[7, 10, 1]**X[10, 9, 1] + X[9, 11, 1]**X[11, 10, 1]**X[10, 9, 1] - X[10, 8, 1]**X[8, 9, 1]**X[9, 10, 1] + X[10, 12, 1]**X[12, 9, 1]**X[9, 10, 1] + X[1, 4, 1]**X[4, 2, 1]**X[2, 11, 1]**X[11, 1, 1] + X[2, 3, 1]**X[3, 1, 1]**X[1, 12, 1]**X[12, 2, 1] - X[11, 10, 1]**X[10, 12, 1]**X[12, 2, 1]**X[2, 11, 1] - X[12, 9, 1]**X[9, 11, 1]**X[11, 1, 1]**X[1, 12, 1]	-X[4, 1, 1]**X[1, 11, 1]**X[11, 4, 1] - X[4, 2, 1]**X[2, 3, 1]**X[3, 4, 1] + X[4, 2, 1]**X[2, 11, 1]**X[11, 4, 1] + X[4, 6, 1]**X[6, 3, 1]**X[3, 4, 1] - X[5, 4, 1]**X[4, 6, 1]**X[6, 5, 1] + X[5, 7, 1]**X[7, 6, 1]**X[6, 5, 1] - X[6, 3, 1]**X[3, 5, 1]**X[5, 6, 1] + X[6, 8, 1]**X[8, 5, 1]**X[5, 6, 1] - X[7, 6, 1]**X[6, 8, 1]**X[8, 7, 1] + X[7, 10, 1]**X[10, 8, 1]**X[8, 7, 1] - X[8, 5, 1]**X[5, 7, 1]**X[7, 8, 1] + X[8, 9, 1]**X[9, 7, 1]**X[7, 8, 1] - X[9, 7, 1]**X[7, 10, 1]**X[10, 9, 1] + X[9, 11, 1]**X[11, 10, 1]**X[10, 9, 1] - X[10, 8, 1]**X[8, 9, 1]**X[9, 10, 1] + X[10, 12, 1]**X[12, 9, 1]**X[9, 10, 1] - X[12, 1, 1]**X[1, 3, 1]**X[3, 12, 1] + X[12, 1, 1]**X[1, 11, 1]**X[11, 12, 1] + X[12, 2, 1]**X[2, 3, 1]**X[3, 12, 1] - X[12, 9, 1]**X[9, 11, 1]**X[11, 12, 1] + X[3, 5, 1]**X[5, 4, 1]**X[4, 1, 1]**X[1, 3, 1] - X[11, 10, 1]**X[10, 12, 1]**X[12, 2, 1]**X[2, 11, 1]
\text{SPP}/\mathbb{Z}_3 ~(1,0,0,2)	X[1, 4, 1]**X[4, 3, 1]**X[3, 1, 1] - X[2, 8, 1]**X[8, 1, 1]**X[1, 2, 1] + X[4, 8, 1]**X[8, 6, 1]**X[6, 4, 1] - X[5, 1, 1]**X[1, 4, 1]**X[4, 5, 1] - X[7, 4, 1]**X[4, 8, 1]**X[8, 7, 1] + X[8, 1, 1]**X[1, 9, 1]**X[9, 8, 1] - X[1, 9, 1]**X[9, 2, 1]**X[2, 3, 1]**X[3, 1, 1] + X[2, 3, 1]**X[3, 5, 1]**X[5, 1, 1]**X[1, 2, 1] - X[4, 3, 1]**X[3, 5, 1]**X[5, 6, 1]**X[6, 4, 1] + X[5, 6, 1]**X[6, 7, 1]**X[7, 4, 1]**X[4, 5, 1] + X[7, 9, 1]**X[9, 2, 1]**X[2, 8, 1]**X[8, 7, 1] - X[8, 6, 1]**X[6, 7, 1]**X[7, 9, 1]**X[9, 8, 1]	X[1, 4, 1]**X[4, 3, 1]**X[3, 1, 1] - X[3, 1, 1]**X[1, 9, 1]**X[9, 3, 1] - X[3, 2, 1]**X[2, 1, 1]**X[1, 3, 1] + X[3, 2, 1]**X[2, 9, 1]**X[9, 3, 1] + X[3, 5, 1]**X[5, 1, 1]**X[1, 3, 1] + X[4, 8, 1]**X[8, 6, 1]**X[6, 4, 1] - X[5, 1, 1]**X[1, 4, 1]**X[4, 5, 1] - X[7, 4, 1]**X[4, 8, 1]**X[8, 7, 1] - X[8, 2, 1]**X[2, 9, 1]**X[9, 8, 2] + X[8, 7, 1]**X[7, 9, 1]**X[9, 8, 2] - X[4, 3, 1]**X[3, 5, 1]**X[5, 6, 1]**X[6, 4, 1] + X[5, 6, 1]**X[6, 7, 1]**X[7, 4, 1]**X[4, 5, 1] + X[8, 2, 1]**X[2, 1, 1]**X[1, 9, 1]**X[9, 8, 1] - X[8, 6, 1]**X[6, 7, 1]**X[7, 9, 1]**X[9, 8, 1]	X[1, 4, 1]**X[4, 3, 1]**X[3, 1, 1] - X[3, 1, 1]**X[1, 9, 1]**X[9, 3, 1] - X[3, 2, 1]**X[2, 1, 1]**X[1, 3, 1] + X[3, 2, 1]**X[2, 9, 1]**X[9, 3, 1] + X[3, 5, 1]**X[5, 1, 1]**X[1, 3, 1] + X[4, 5, 1]**X[5, 6, 1]**X[6, 4, 2] - X[4, 7, 1]**X[7, 6, 1]**X[6, 4, 2] - X[5, 1, 1]**X[1, 4, 1]**X[4, 5, 1] + X[9, 7, 1]**X[7, 6, 1]**X[6, 9, 1] - X[9, 8, 1]**X[8, 6, 1]**X[6, 9, 1] - X[4, 3, 1]**X[3, 5, 1]**X[5, 6, 1]**X[6, 4, 1] + X[4, 7, 1]**X[7, 8, 1]**X[8, 6, 1]**X[6, 4, 1] + X[8, 2, 1]**X[2, 1, 1]**X[1, 9, 1]**X[9, 8, 1] - X[8, 2, 1]**X[2, 9, 1]**X[9, 7, 1]**X[7, 8, 1]	X[1, 4, 1]**X[4, 3, 1]**X[3, 1, 1] + X[2, 1, 1]**X[1, 9, 1]**X[9, 2, 1] + X[2, 8, 1]**X[8, 7, 1]**X[7, 2, 1] - X[2, 8, 1]**X[8, 9, 1]**X[9, 2, 1] - X[2, 9, 1]**X[9, 7, 1]**X[7, 2, 1] - X[3, 1, 1]**X[1, 9, 1]**X[9, 3, 1] - X[3, 2, 1]**X[2, 1, 1]**X[1, 3, 1] + X[3, 2, 1]**X[2, 9, 1]**X[9, 3, 1] + X[3, 5, 1]**X[5, 1, 1]**X[1, 3, 1] + X[4, 5, 1]**X[5, 6, 1]**X[6, 4, 2] - X[4, 7, 1]**X[7, 6, 1]**X[6, 4, 2] - X[5, 1, 1]**X[1, 4, 1]**X[4, 5, 1] + X[6, 4, 1]**X[4, 7, 1]**X[7, 6, 2] + X[6, 8, 1]**X[8, 7, 1]**X[7, 6, 2] - X[4, 3, 1]**X[3, 5, 1]**X[5, 6, 1]**X[6, 4, 1] + X[9, 7, 1]**X[7, 6, 1]**X[6, 8, 1]**X[8, 9, 1]
\mathcal{C}/(\mathbb{Z}_3\times\mathbb{Z}_2) ~(1,0,0,2)(0,1,1,0)	-X[1, 11, 1]**X[11, 4, 1]**X[4, 2, 1]**X[2, 1, 1] + X[2, 6, 1]**X[6, 3, 1]**X[3, 4, 1]**X[4, 2, 1] + X[3, 5, 1]**X[5, 2, 1]**X[2, 1, 1]**X[1, 3, 1] - X[4, 12, 1]**X[12, 1, 1]**X[1, 3, 1]**X[3, 4, 1] - X[5, 2, 1]**X[2, 6, 1]**X[6, 7, 1]**X[7, 5, 1] - X[6, 3, 1]**X[3, 5, 1]**X[5, 8, 1]**X[8, 6, 1] + X[7, 9, 1]**X[9, 8, 1]**X[8, 6, 1]**X[6, 7, 1] + X[8, 10, 1]**X[10, 7, 1]**X[7, 5, 1]**X[5, 8, 1] - X[9, 8, 1]**X[8, 10, 1]**X[10, 12, 1]**X[12, 9, 1] - X[10, 7, 1]**X[7, 9, 1]**X[9, 11, 1]**X[11, 10, 1] + X[11, 4, 1]**X[4, 12, 1]**X[12, 9, 1]**X[9, 11, 1] + X[12, 1, 1]**X[1, 11, 1]**X[11, 10, 1]**X[10, 12, 1]	-X[3, 1, 1]**X[1, 2, 1]**X[2, 3, 1] + X[3, 1, 1]**X[1, 12, 1]**X[12, 3, 1] - X[3, 4, 1]**X[4, 12, 1]**X[12, 3, 1] + X[3, 5, 1]**X[5, 2, 1]**X[2, 3, 1] + X[11, 1, 1]**X[1, 2, 1]**X[2, 11, 1] - X[11, 4, 1]**X[4, 2, 1]**X[2, 11, 1] - X[12, 11, 1]**X[11, 1, 1]**X[1, 12, 1] + X[12, 11, 1]**X[11, 10, 1]**X[10, 12, 1] + X[2, 6, 1]**X[6, 3, 1]**X[3, 4, 1]**X[4, 2, 1] - X[5, 2, 1]**X[2, 6, 1]**X[6, 7, 1]**X[7, 5, 1] - X[6, 3, 1]**X[3, 5, 1]**X[5, 8, 1]**X[8, 6, 1] + X[7, 9, 1]**X[9, 8, 1]**X[8, 6, 1]**X[6, 7, 1] + X[8, 10, 1]**X[10, 7, 1]**X[7, 5, 1]**X[5, 8, 1] - X[9, 8, 1]**X[8, 10, 1]**X[10, 12, 1]**X[12, 9, 1] - X[10, 7, 1]**X[7, 9, 1]**X[9, 11, 1]**X[11, 10, 1] + X[11, 4, 1]**X[4, 12, 1]**X[12, 9, 1]**X[9, 11, 1]	-X[3, 1, 1]**X[1, 2, 1]**X[2, 3, 1] + X[3, 1, 1]**X[1, 12, 1]**X[12, 3, 1] + X[3, 4, 1]**X[4, 2, 1]**X[2, 3, 2] - X[3, 4, 1]**X[4, 12, 1]**X[12, 3, 1] + X[3, 5, 1]**X[5, 2, 1]**X[2, 3, 1] - X[3, 5, 1]**X[5, 8, 1]**X[8, 3, 1] - X[3, 6, 1]**X[6, 2, 1]**X[2, 3, 2] + X[3, 6, 1]**X[6, 8, 1]**X[8, 3, 1] - X[7, 5, 1]**X[5, 2, 1]**X[2, 7, 1] + X[7, 6, 1]**X[6, 2, 1]**X[2, 7, 1] - X[7, 6, 1]**X[6, 8, 1]**X[8, 7, 1] + X[7, 9, 1]**X[9, 8, 1]**X[8, 7, 1] + X[11, 1, 1]**X[1, 2, 1]**X[2, 11, 1] - X[11, 4, 1]**X[4, 2, 1]**X[2, 11, 1] - X[12, 11, 1]**X[11, 1, 1]**X[1, 12, 1] + X[12, 11, 1]**X[11, 10, 1]**X[10, 12, 1] + X[8, 10, 1]**X[10, 7, 1]**X[7, 5, 1]**X[5, 8, 1] - X[9, 8, 1]**X[8, 10, 1]**X[10, 12, 1]**X[12, 9, 1] - X[10, 7, 1]**X[7, 9, 1]**X[9, 11, 1]**X[11, 10, 1] + X[11, 4, 1]**X[4, 12, 1]**X[12, 9, 1]**X[9, 11, 1]	-X[3, 1, 1]**X[1, 2, 1]**X[2, 3, 1] + X[3, 1, 1]**X[1, 12, 1]**X[12, 3, 1] + X[3, 4, 1]**X[4, 2, 1]**X[2, 3, 2] - X[3, 4, 1]**X[4, 12, 1]**X[12, 3, 1] + X[3, 5, 1]**X[5, 2, 1]**X[2, 3, 1] - X[3, 5, 1]**X[5, 8, 1]**X[8, 3, 1] - X[3, 6, 1]**X[6, 2, 1]**X[2, 3, 2] + X[3, 6, 1]**X[6, 8, 1]**X[8, 3, 1] - X[7, 5, 1]**X[5, 2, 1]**X[2, 7, 1] + X[7, 6, 1]**X[6, 2, 1]**X[2, 7, 1] + X[8, 9, 1]**X[9, 12, 1]**X[12, 8, 1] - X[8, 10, 1]**X[10, 12, 1]**X[12, 8, 1] + X[11, 1, 1]**X[1, 2, 1]**X[2, 11, 1] - X[11, 4, 1]**X[4, 2, 1]**X[2, 11, 1] + X[11, 4, 1]**X[4, 12, 1]**X[12, 11, 2] + X[11, 9, 1]**X[9, 7, 1]**X[7, 11, 1] - X[11, 9, 1]**X[9, 12, 1]**X[12, 11, 2] - X[11, 10, 1]**X[10, 7, 1]**X[7, 11, 1] - X[12, 11, 1]**X[11, 1, 1]**X[1, 12, 1] + X[12, 11, 1]**X[11, 10, 1]**X[10, 12, 1] - X[7, 6, 1]**X[6, 8, 1]**X[8, 9, 1]**X[9, 7, 1] + X[8, 10, 1]**X[10, 7, 1]**X[7, 5, 1]**X[5, 8, 1]	-X[3, 1, 1]**X[1, 2, 1]**X[2, 3, 1] + X[3, 1, 1]**X[1, 12, 1]**X[12, 3, 1] - X[3, 4, 1]**X[4, 12, 1]**X[12, 3, 1] + X[3, 5, 1]**X[5, 2, 1]**X[2, 3, 1] - X[5, 2, 1]**X[2, 6, 1]**X[6, 5, 1] + X[5, 7, 1]**X[7, 6, 1]**X[6, 5, 1] - X[5, 7, 1]**X[7, 10, 1]**X[10, 5, 1] + X[5, 8, 1]**X[8, 10, 1]**X[10, 5, 1] - X[9, 7, 1]**X[7, 6, 1]**X[6, 9, 1] + X[9, 8, 1]**X[8, 6, 1]**X[6, 9, 1] + X[10, 9, 1]**X[9, 7, 1]**X[7, 10, 1] - X[10, 9, 1]**X[9, 11, 1]**X[11, 10, 1] + X[11, 1, 1]**X[1, 2, 1]**X[2, 11, 1] - X[11, 4, 1]**X[4, 2, 1]**X[2, 11, 1] - X[12, 11, 1]**X[11, 1, 1]**X[1, 12, 1] + X[12, 11, 1]**X[11, 10, 1]**X[10, 12, 1] + X[2, 6, 1]**X[6, 3, 1]**X[3, 4, 1]**X[4, 2, 1] - X[6, 3, 1]**X[3, 5, 1]**X[5, 8, 1]**X[8, 6, 1] - X[9, 8, 1]**X[8, 10, 1]**X[10, 12, 1]**X[12, 9, 1] + X[11, 4, 1]**X[4, 12, 1]**X[12, 9, 1]**X[9, 11, 1]	-X[3, 1, 1]**X[1, 2, 1]**X[2, 3, 1] + X[3, 1, 1]**X[1, 12, 1]**X[12, 3, 1] - X[3, 4, 1]**X[4, 12, 1]**X[12, 3, 1] + X[3, 5, 1]**X[5, 2, 1]**X[2, 3, 1] - X[7, 9, 1]**X[9, 11, 1]**X[11, 7, 1] + X[7, 10, 1]**X[10, 11, 1]**X[11, 7, 1] + X[8, 7, 1]**X[7, 5, 1]**X[5, 8, 1] - X[8, 7, 1]**X[7, 10, 1]**X[10, 8, 1] + X[11, 1, 1]**X[1, 2, 1]**X[2, 11, 1] - X[11, 4, 1]**X[4, 2, 1]**X[2, 11, 1] + X[12, 9, 1]**X[9, 8, 1]**X[8, 12, 1] - X[12, 10, 1]**X[10, 8, 1]**X[8, 12, 1] + X[2, 6, 1]**X[6, 3, 1]**X[3, 4, 1]**X[4, 2, 1] - X[5, 2, 1]**X[2, 6, 1]**X[6, 7, 1]**X[7, 5, 1] - X[6, 3, 1]**X[3, 5, 1]**X[5, 8, 1]**X[8, 6, 1] + X[7, 9, 1]**X[9, 8, 1]**X[8, 6, 1]**X[6, 7, 1] + X[11, 4, 1]**X[4, 12, 1]**X[12, 9, 1]**X[9, 11, 1] - X[12, 10, 1]**X[10, 11, 1]**X[11, 1, 1]**X[1, 12, 1]	X[2, 5, 1]**X[5, 7, 1]**X[7, 2, 1] - X[2, 6, 1]**X[6, 7, 1]**X[7, 2, 1] + X[3, 1, 1]**X[1, 12, 1]**X[12, 3, 1] - X[3, 4, 1]**X[4, 12, 1]**X[12, 3, 1] - X[7, 9, 1]**X[9, 11, 1]**X[11, 7, 1] + X[7, 10, 1]**X[10, 11, 1]**X[11, 7, 1] + X[8, 5, 1]**X[5, 3, 1]**X[3, 8, 1] - X[8, 6, 1]**X[6, 3, 1]**X[3, 8, 1] + X[11, 1, 1]**X[1, 2, 1]**X[2, 11, 1] - X[11, 4, 1]**X[4, 2, 1]**X[2, 11, 1] + X[12, 9, 1]**X[9, 8, 1]**X[8, 12, 1] - X[12, 10, 1]**X[10, 8, 1]**X[8, 12, 1] + X[2, 6, 1]**X[6, 3, 1]**X[3, 4, 1]**X[4, 2, 1] - X[3, 1, 1]**X[1, 2, 1]**X[2, 5, 1]**X[5, 3, 1] + X[7, 9, 1]**X[9, 8, 1]**X[8, 6, 1]**X[6, 7, 1] - X[8, 5, 1]**X[5, 7, 1]**X[7, 10, 1]**X[10, 8, 1] + X[11, 4, 1]**X[4, 12, 1]**X[12, 9, 1]**X[9, 11, 1] - X[12, 10, 1]**X[10, 11, 1]**X[11, 1, 1]**X[1, 12, 1]
L^{1,3,2}	-X[1, 2, 2]**X[2, 4, 1]**X[4, 1, 1] + X[1, 5, 1]**X[5, 4, 1]**X[4, 1, 1] - X[3, 1, 1]**X[1, 5, 1]**X[5, 3, 1] + X[5, 2, 1]**X[2, 6, 1]**X[6, 5, 1] + X[7, 1, 1]**X[1, 2, 2]**X[2, 7, 1] - X[7, 5, 1]**X[5, 2, 1]**X[2, 7, 1] + X[2, 4, 1]**X[4, 3, 1]**X[3, 1, 1]**X[1, 2, 1] - X[2, 6, 1]**X[6, 7, 1]**X[7, 1, 1]**X[1, 2, 1] + X[3, 6, 1]**X[6, 7, 1]**X[7, 5, 1]**X[5, 3, 1] - X[5, 4, 1]**X[4, 3, 1]**X[3, 6, 1]**X[6, 5, 1]	-X[1, 2, 2]**X[2, 4, 1]**X[4, 1, 1] + X[1, 5, 1]**X[5, 4, 1]**X[4, 1, 1] - X[2, 7, 2]**X[7, 1, 1]**X[1, 2, 1] + X[2, 7, 2]**X[7, 6, 1]**X[6, 2, 1] - X[3, 1, 1]**X[1, 5, 1]**X[5, 3, 1] + X[3, 7, 1]**X[7, 5, 1]**X[5, 3, 1] - X[3, 7, 1]**X[7, 6, 1]**X[6, 3, 1] - X[5, 4, 1]**X[4, 3, 1]**X[3, 5, 1] + X[5, 6, 1]**X[6, 3, 1]**X[3, 5, 1] + X[7, 1, 1]**X[1, 2, 2]**X[2, 7, 1] + X[2, 4, 1]**X[4, 3, 1]**X[3, 1, 1]**X[1, 2, 1] - X[2, 7, 1]**X[7, 5, 1]**X[5, 6, 1]**X[6, 2, 1]
\mathcal{C}/\mathbb{Z}_4 ~(0,1,2,1)	X[1, 4, 1]**X[4, 2, 1]**X[2, 7, 1]**X[7, 1, 1] + X[2, 3, 1]**X[3, 1, 1]**X[1, 8, 1]**X[8, 2, 1] - X[3, 1, 1]**X[1, 4, 1]**X[4, 6, 1]**X[6, 3, 1] - X[4, 2, 1]**X[2, 3, 1]**X[3, 5, 1]**X[5, 4, 1] + X[5, 7, 1]**X[7, 6, 1]**X[6, 3, 1]**X[3, 5, 1] + X[6, 8, 1]**X[8, 5, 1]**X[5, 4, 1]**X[4, 6, 1] - X[7, 6, 1]**X[6, 8, 1]**X[8, 2, 1]**X[2, 7, 1] - X[8, 5, 1]**X[5, 7, 1]**X[7, 1, 1]**X[1, 8, 1]	X[3, 4, 1]**X[4, 1, 1]**X[1, 3, 1] - X[3, 4, 1]**X[4, 6, 1]**X[6, 3, 1] - X[4, 1, 1]**X[1, 7, 1]**X[7, 4, 1] + X[4, 2, 1]**X[2, 7, 1]**X[7, 4, 1] + X[8, 1, 1]**X[1, 3, 1]**X[3, 8, 1] + X[8, 1, 1]**X[1, 7, 1]**X[7, 8, 1] - X[8, 2, 1]**X[2, 3, 1]**X[3, 8, 1] - X[8, 5, 1]**X[5, 7, 1]**X[7, 8, 1] - X[4, 2, 1]**X[2, 3, 1]**X[3, 5, 1]**X[5, 4, 1] + X[5, 7, 1]**X[7, 6, 1]**X[6, 3, 1]**X[3, 5, 1] + X[6, 8, 1]**X[8, 5, 1]**X[5, 4, 1]**X[4, 6, 1] - X[7, 6, 1]**X[6, 8, 1]**X[8, 2, 1]**X[2, 7, 1]	X[3, 4, 1]**X[4, 1, 1]**X[1, 3, 1] - X[3, 4, 1]**X[4, 6, 1]**X[6, 3, 1] - X[4, 1, 1]**X[1, 7, 1]**X[7, 4, 1] - X[4, 2, 1]**X[2, 3, 1]**X[3, 4, 1] + X[4, 2, 1]**X[2, 7, 1]**X[7, 4, 1] + X[4, 5, 1]**X[5, 3, 1]**X[3, 4, 1] - X[4, 5, 1]**X[5, 8, 1]**X[8, 4, 1] + X[4, 6, 1]**X[6, 8, 1]**X[8, 4, 1] - X[7, 5, 1]**X[5, 3, 1]**X[3, 7, 1] + X[7, 6, 1]**X[6, 3, 1]**X[3, 7, 1] + X[8, 1, 1]**X[1, 3, 1]**X[3, 8, 1] - X[8, 2, 1]**X[2, 3, 1]**X[3, 8, 1] - X[7, 6, 1]**X[6, 8, 1]**X[8, 2, 1]**X[2, 7, 1] + X[8, 1, 1]**X[1, 7, 1]**X[7, 5, 1]**X[5, 8, 1]
X^{3,2}	X[2, 1, 1]**X[1, 6, 1]**X[6, 2, 1] - X[2, 3, 2]**X[3, 6, 1]**X[6, 2, 1] + X[3, 4, 1]**X[4, 2, 1]**X[2, 3, 2] - X[3, 4, 2]**X[4, 2, 1]**X[2, 3, 1] - X[4, 5, 2]**X[5, 3, 1]**X[3, 4, 1] + X[5, 3, 1]**X[3, 4, 2]**X[4, 5, 1] - X[7, 2, 1]**X[2, 1, 1]**X[1, 7, 1] + X[1, 7, 1]**X[7, 4, 1]**X[4, 5, 2]**X[5, 1, 1] + X[3, 6, 1]**X[6, 7, 1]**X[7, 2, 1]**X[2, 3, 1] - X[1, 6, 1]**X[6, 7, 1]**X[7, 4, 1]**X[4, 5, 1]**X[5, 1, 1]	X[3, 4, 1]**X[4, 2, 1]**X[2, 3, 2] - X[3, 4, 2]**X[4, 2, 1]**X[2, 3, 1] - X[4, 5, 2]**X[5, 3, 1]**X[3, 4, 1] + X[5, 3, 1]**X[3, 4, 2]**X[4, 5, 1] + X[6, 1, 1]**X[1, 5, 1]**X[5, 6, 1] + X[7, 1, 1]**X[1, 5, 1]**X[5, 7, 1] - X[7, 4, 1]**X[4, 5, 2]**X[5, 7, 1] - X[2, 3, 2]**X[3, 6, 1]**X[6, 1, 1]**X[1, 2, 1] - X[6, 7, 1]**X[7, 4, 1]**X[4, 5, 1]**X[5, 6, 1] + X[7, 1, 1]**X[1, 2, 1]**X[2, 3, 1]**X[3, 6, 1]**X[6, 7, 1]	-X[1, 2, 1]**X[2, 3, 2]**X[3, 1, 1] + X[1, 6, 1]**X[6, 3, 1]**X[3, 1, 1] + X[3, 4, 1]**X[4, 2, 1]**X[2, 3, 2] - X[3, 4, 2]**X[4, 2, 1]**X[2, 3, 1] - X[4, 5, 2]**X[5, 3, 1]**X[3, 4, 1] + X[5, 3, 1]**X[3, 4, 2]**X[4, 5, 1] - X[7, 4, 1]**X[4, 5, 1]**X[5, 7, 2] - X[7, 4, 1]**X[4, 5, 2]**X[5, 7, 1] - X[7, 6, 1]**X[6, 3, 1]**X[3, 7, 1] + X[7, 6, 1]**X[6, 5, 1]**X[5, 7, 2] - X[1, 6, 1]**X[6, 5, 1]**X[5, 7, 1]**X[7, 1, 1] + X[7, 1, 1]**X[1, 2, 1]**X[2, 3, 1]**X[3, 7, 1]	X[1, 5, 1]**X[5, 4, 1]**X[4, 1, 1] - X[1, 5, 1]**X[5, 4, 2]**X[4, 1, 2] + X[1, 7, 1]**X[7, 4, 1]**X[4, 1, 2] + X[2, 1, 1]**X[1, 6, 1]**X[6, 2, 1] - X[2, 3, 2]**X[3, 6, 1]**X[6, 2, 1] - X[7, 2, 1]**X[2, 1, 1]**X[1, 7, 1] - X[1, 6, 1]**X[6, 7, 1]**X[7, 4, 1]**X[4, 1, 1] - X[3, 5, 1]**X[5, 4, 1]**X[4, 2, 1]**X[2, 3, 1] + X[3, 6, 1]**X[6, 7, 1]**X[7, 2, 1]**X[2, 3, 1] + X[4, 2, 1]**X[2, 3, 2]**X[3, 5, 1]**X[5, 4, 2]	X[1, 7, 2]**X[7, 6, 1]**X[6, 1, 1] - X[3, 4, 2]**X[4, 2, 1]**X[2, 3, 1] - X[3, 7, 1]**X[7, 2, 1]**X[2, 3, 1] + X[3, 7, 1]**X[7, 6, 1]**X[6, 3, 1] - X[4, 5, 2]**X[5, 3, 1]**X[3, 4, 1] + X[5, 3, 1]**X[3, 4, 2]**X[4, 5, 1] + X[1, 7, 1]**X[7, 4, 1]**X[4, 5, 2]**X[5, 1, 1] - X[1, 7, 2]**X[7, 4, 1]**X[4, 5, 1]**X[5, 1, 1] - X[2, 6, 1]**X[6, 1, 1]**X[1, 7, 1]**X[7, 2, 1] + X[2, 6, 1]**X[6, 3, 1]**X[3, 4, 1]**X[4, 2, 1]	X[1, 4, 1]**X[4, 5, 2]**X[5, 1, 1] - X[1, 4, 1]**X[4, 7, 1]**X[7, 1, 1] - X[2, 3, 2]**X[3, 6, 1]**X[6, 2, 1] + X[3, 4, 1]**X[4, 2, 1]**X[2, 3, 2] - X[3, 4, 2]**X[4, 2, 1]**X[2, 3, 1] - X[4, 5, 2]**X[5, 3, 1]**X[3, 4, 1] + X[4, 7, 1]**X[7, 6, 1]**X[6, 4, 1] + X[5, 3, 1]**X[3, 4, 2]**X[4, 5, 1] + X[6, 2, 2]**X[2, 3, 1]**X[3, 6, 1] - X[6, 2, 2]**X[2, 7, 1]**X[7, 6, 1] + X[2, 7, 1]**X[7, 1, 1]**X[1, 6, 1]**X[6, 2, 1] - X[4, 5, 1]**X[5, 1, 1]**X[1, 6, 1]**X[6, 4, 1]
X^{3,1}	-X[2, 3, 1]**X[3, 5, 1]**X[5, 2, 1] + X[2, 4, 1]**X[4, 5, 2]**X[5, 2, 1] + X[3, 5, 1]**X[5, 1, 1]**X[1, 3, 1] - X[4, 5, 2]**X[5, 7, 1]**X[7, 6, 1]**X[6, 4, 1] - X[5, 1, 1]**X[1, 2, 1]**X[2, 4, 1]**X[4, 5, 1] + X[5, 7, 1]**X[7, 6, 2]**X[6, 4, 1]**X[4, 5, 1] - X[7, 6, 2]**X[6, 1, 1]**X[1, 3, 1]**X[3, 7, 1] + X[6, 1, 1]**X[1, 2, 1]**X[2, 3, 1]**X[3, 7, 1]**X[7, 6, 1]	X[2, 4, 1]**X[4, 5, 2]**X[5, 2, 1] + X[3, 1, 1]**X[1, 6, 1]**X[6, 3, 1] - X[3, 7, 1]**X[7, 6, 2]**X[6, 3, 1] + X[5, 2, 2]**X[2, 1, 1]**X[1, 5, 1] - X[5, 2, 2]**X[2, 4, 1]**X[4, 5, 1] - X[6, 2, 1]**X[2, 1, 1]**X[1, 6, 1] - X[3, 1, 1]**X[1, 5, 1]**X[5, 2, 1]**X[2, 3, 1] - X[4, 5, 2]**X[5, 7, 1]**X[7, 6, 1]**X[6, 4, 1] + X[5, 7, 1]**X[7, 6, 2]**X[6, 4, 1]**X[4, 5, 1] + X[6, 2, 1]**X[2, 3, 1]**X[3, 7, 1]**X[7, 6, 1]	X[6, 1, 1]**X[1, 2, 1]**X[2, 7, 1] + X[7, 3, 1]**X[3, 1, 1]**X[1, 7, 1] - X[7, 6, 2]**X[6, 1, 1]**X[1, 7, 1] + X[2, 4, 1]**X[4, 5, 2]**X[5, 3, 1]**X[3, 2, 1] - X[4, 5, 2]**X[5, 7, 1]**X[7, 6, 1]**X[6, 4, 1] + X[5, 7, 1]**X[7, 6, 2]**X[6, 4, 1]**X[4, 5, 1] - X[7, 3, 1]**X[3, 2, 1]**X[2, 7, 1]**X[7, 6, 1] - X[1, 2, 1]**X[2, 4, 1]**X[4, 5, 1]**X[5, 3, 1]**X[3, 1, 1]	X[3, 5, 1]**X[5, 1, 1]**X[1, 3, 1] - X[5, 1, 1]**X[1, 2, 1]**X[2, 5, 1] + X[5, 4, 1]**X[4, 2, 1]**X[2, 5, 1] + X[5, 4, 1]**X[4, 6, 1]**X[6, 5, 1] + X[5, 4, 2]**X[4, 6, 1]**X[6, 5, 2] - X[5, 7, 1]**X[7, 6, 1]**X[6, 5, 2] + X[5, 7, 1]**X[7, 6, 2]**X[6, 5, 1] - X[2, 3, 1]**X[3, 5, 1]**X[5, 4, 2]**X[4, 2, 2] - X[7, 6, 2]**X[6, 1, 1]**X[1, 3, 1]**X[3, 7, 1] + X[6, 1, 1]**X[1, 2, 1]**X[2, 3, 1]**X[3, 7, 1]**X[7, 6, 1]	-X[1, 3, 1]**X[3, 7, 1]**X[7, 1, 2] - X[1, 6, 1]**X[6, 7, 1]**X[7, 1, 1] + X[1, 6, 1]**X[6, 7, 2]**X[7, 1, 2] - X[2, 3, 1]**X[3, 5, 1]**X[5, 2, 1] + X[2, 4, 1]**X[4, 5, 2]**X[5, 2, 1] + X[3, 5, 1]**X[5, 1, 1]**X[1, 3, 1] + X[4, 5, 1]**X[5, 7, 1]**X[7, 4, 2] - X[4, 5, 2]**X[5, 7, 1]**X[7, 4, 1] + X[4, 6, 1]**X[6, 7, 1]**X[7, 4, 1] - X[4, 6, 1]**X[6, 7, 2]**X[7, 4, 2] + X[1, 2, 1]**X[2, 3, 1]**X[3, 7, 1]**X[7, 1, 1] - X[5, 1, 1]**X[1, 2, 1]**X[2, 4, 1]**X[4, 5, 1]	-X[1, 3, 1]**X[3, 7, 1]**X[7, 1, 2] + X[1, 3, 2]**X[3, 2, 1]**X[2, 1, 1] - X[1, 3, 2]**X[3, 7, 1]**X[7, 1, 1] - X[1, 6, 1]**X[6, 7, 1]**X[7, 1, 1] + X[1, 6, 1]**X[6, 7, 2]**X[7, 1, 2] + X[4, 2, 1]**X[2, 1, 1]**X[1, 4, 1] - X[4, 5, 1]**X[5, 1, 1]**X[1, 4, 1] + X[4, 5, 1]**X[5, 7, 1]**X[7, 4, 2] + X[4, 6, 1]**X[6, 7, 1]**X[7, 4, 1] - X[4, 6, 1]**X[6, 7, 2]**X[7, 4, 2] + X[3, 2, 1]**X[2, 5, 1]**X[5, 1, 1]**X[1, 3, 1] - X[4, 2, 1]**X[2, 5, 1]**X[5, 7, 1]**X[7, 4, 1]	-X[1, 6, 1]**X[6, 7, 1]**X[7, 1, 1] + X[4, 5, 1]**X[5, 7, 1]**X[7, 4, 2] - X[4, 5, 2]**X[5, 7, 1]**X[7, 4, 1] + X[4, 6, 1]**X[6, 7, 1]**X[7, 4, 1] - X[4, 6, 1]**X[6, 7, 2]**X[7, 4, 2] + X[7, 1, 1]**X[1, 2, 1]**X[2, 7, 1] - X[7, 3, 1]**X[3, 2, 1]**X[2, 7, 1] + X[1, 6, 1]**X[6, 7, 2]**X[7, 3, 1]**X[3, 1, 1] + X[2, 4, 1]**X[4, 5, 2]**X[5, 3, 1]**X[3, 2, 1] - X[5, 3, 1]**X[3, 1, 1]**X[1, 2, 1]**X[2, 4, 1]**X[4, 5, 1]	-X[2, 3, 1]**X[3, 5, 1]**X[5, 2, 1] + X[2, 4, 1]**X[4, 5, 2]**X[5, 2, 1] + X[3, 5, 1]**X[5, 1, 1]**X[1, 3, 1] + X[5, 6, 2]**X[6, 4, 1]**X[4, 5, 1] - X[5, 6, 2]**X[6, 7, 2]**X[7, 5, 1] - X[6, 1, 1]**X[1, 3, 1]**X[3, 6, 2] - X[6, 4, 1]**X[4, 5, 2]**X[5, 6, 1] - X[6, 7, 1]**X[7, 3, 1]**X[3, 6, 1] + X[6, 7, 1]**X[7, 5, 1]**X[5, 6, 1] + X[6, 7, 2]**X[7, 3, 1]**X[3, 6, 2] - X[5, 1, 1]**X[1, 2, 1]**X[2, 4, 1]**X[4, 5, 1] + X[6, 1, 1]**X[1, 2, 1]**X[2, 3, 1]**X[3, 6, 1]	-X[3, 2, 1]**X[2, 1, 1]**X[1, 3, 2] + X[3, 6, 1]**X[6, 1, 1]**X[1, 3, 2] + X[4, 2, 1]**X[2, 1, 1]**X[1, 4, 1] - X[4, 5, 1]**X[5, 1, 1]**X[1, 4, 1] + X[5, 6, 2]**X[6, 4, 1]**X[4, 5, 1] - X[5, 6, 2]**X[6, 7, 2]**X[7, 5, 1] - X[6, 1, 1]**X[1, 3, 1]**X[3, 6, 2] - X[6, 7, 1]**X[7, 3, 1]**X[3, 6, 1] + X[6, 7, 1]**X[7, 5, 1]**X[5, 6, 1] + X[6, 7, 2]**X[7, 3, 1]**X[3, 6, 2] + X[3, 2, 1]**X[2, 5, 1]**X[5, 1, 1]**X[1, 3, 1] - X[4, 2, 1]**X[2, 5, 1]**X[5, 6, 1]**X[6, 4, 1]	X[3, 5, 1]**X[5, 1, 1]**X[1, 3, 1] - X[5, 1, 1]**X[1, 2, 1]**X[2, 5, 1] + X[5, 4, 1]**X[4, 2, 1]**X[2, 5, 1] - X[6, 1, 1]**X[1, 3, 1]**X[3, 6, 2] - X[6, 7, 1]**X[7, 3, 1]**X[3, 6, 1] + X[6, 7, 2]**X[7, 3, 1]**X[3, 6, 2] + X[2, 3, 1]**X[3, 5, 1]**X[5, 4, 2]**X[4, 2, 1] - X[5, 4, 1]**X[4, 6, 1]**X[6, 7, 2]**X[7, 5, 1] + X[6, 1, 1]**X[1, 2, 1]**X[2, 3, 1]**X[3, 6, 1] + X[6, 7, 1]**X[7, 5, 1]**X[5, 4, 1]**X[4, 6, 1]
\text{PdP}_{4c} ~(2)	-X[1, 2, 2]**X[2, 3, 1]**X[3, 1, 1] + X[1, 4, 1]**X[4, 3, 1]**X[3, 1, 1] + X[4, 8, 1]**X[8, 6, 1]**X[6, 4, 1] - X[5, 1, 1]**X[1, 4, 1]**X[4, 5, 1] - X[7, 4, 1]**X[4, 8, 1]**X[8, 7, 1] + X[2, 3, 1]**X[3, 5, 1]**X[5, 1, 1]**X[1, 2, 1] - X[4, 3, 1]**X[3, 5, 1]**X[5, 6, 1]**X[6, 4, 1] + X[5, 6, 1]**X[6, 7, 1]**X[7, 4, 1]**X[4, 5, 1] + X[7, 1, 1]**X[1, 2, 2]**X[2, 8, 1]**X[8, 7, 1] - X[8, 6, 1]**X[6, 7, 1]**X[7, 1, 1]**X[1, 2, 1]**X[2, 8, 1]	-X[3, 2, 1]**X[2, 1, 1]**X[1, 3, 1] + X[3, 5, 1]**X[5, 1, 1]**X[1, 3, 1] + X[4, 8, 1]**X[8, 6, 1]**X[6, 4, 1] - X[5, 1, 1]**X[1, 4, 1]**X[4, 5, 1] - X[7, 4, 1]**X[4, 8, 1]**X[8, 7, 1] + X[8, 2, 1]**X[2, 1, 1]**X[1, 8, 1] - X[8, 2, 1]**X[2, 1, 2]**X[1, 8, 2] + X[8, 7, 1]**X[7, 1, 1]**X[1, 8, 2] + X[1, 4, 1]**X[4, 3, 1]**X[3, 2, 1]**X[2, 1, 2] - X[4, 3, 1]**X[3, 5, 1]**X[5, 6, 1]**X[6, 4, 1] + X[5, 6, 1]**X[6, 7, 1]**X[7, 4, 1]**X[4, 5, 1] - X[8, 6, 1]**X[6, 7, 1]**X[7, 1, 1]**X[1, 8, 1]	X[4, 8, 1]**X[8, 6, 1]**X[6, 4, 1] - X[6, 4, 1]**X[4, 3, 1]**X[3, 6, 1] + X[6, 5, 1]**X[5, 3, 1]**X[3, 6, 1] - X[6, 5, 1]**X[5, 4, 1]**X[4, 6, 1] + X[6, 7, 1]**X[7, 4, 1]**X[4, 6, 1] - X[7, 4, 1]**X[4, 8, 1]**X[8, 7, 1] + X[8, 2, 1]**X[2, 1, 1]**X[1, 8, 1] - X[8, 2, 1]**X[2, 1, 2]**X[1, 8, 2] + X[8, 7, 1]**X[7, 1, 1]**X[1, 8, 2] - X[3, 2, 1]**X[2, 1, 1]**X[1, 5, 1]**X[5, 3, 1] - X[8, 6, 1]**X[6, 7, 1]**X[7, 1, 1]**X[1, 8, 1] + X[1, 5, 1]**X[5, 4, 1]**X[4, 3, 1]**X[3, 2, 1]**X[2, 1, 2]	-X[3, 2, 1]**X[2, 1, 1]**X[1, 3, 1] + X[3, 5, 1]**X[5, 1, 1]**X[1, 3, 1] - X[4, 3, 1]**X[3, 5, 1]**X[5, 4, 1] + X[4, 6, 1]**X[6, 5, 1]**X[5, 4, 1] - X[5, 1, 1]**X[1, 4, 1]**X[4, 5, 1] + X[5, 7, 1]**X[7, 4, 1]**X[4, 5, 1] - X[5, 7, 1]**X[7, 6, 1]**X[6, 5, 1] + X[8, 2, 1]**X[2, 1, 1]**X[1, 8, 1] - X[8, 2, 1]**X[2, 1, 2]**X[1, 8, 2] + X[8, 7, 1]**X[7, 1, 1]**X[1, 8, 2] - X[8, 7, 2]**X[7, 1, 1]**X[1, 8, 1] + X[8, 7, 2]**X[7, 6, 1]**X[6, 8, 1] + X[1, 4, 1]**X[4, 3, 1]**X[3, 2, 1]**X[2, 1, 2] - X[4, 6, 1]**X[6, 8, 1]**X[8, 7, 1]**X[7, 4, 1]	X[1, 7, 1]**X[7, 6, 1]**X[6, 1, 1] - X[1, 8, 1]**X[8, 6, 1]**X[6, 1, 1] - X[3, 2, 1]**X[2, 1, 1]**X[1, 3, 1] + X[3, 5, 1]**X[5, 1, 1]**X[1, 3, 1] + X[4, 5, 1]**X[5, 6, 1]**X[6, 4, 2] - X[4, 7, 1]**X[7, 6, 1]**X[6, 4, 2] - X[5, 1, 1]**X[1, 4, 1]**X[4, 5, 1] + X[8, 2, 1]**X[2, 1, 1]**X[1, 8, 1] + X[1, 4, 1]**X[4, 3, 1]**X[3, 2, 1]**X[2, 1, 2] - X[4, 3, 1]**X[3, 5, 1]**X[5, 6, 1]**X[6, 4, 1] + X[4, 7, 1]**X[7, 8, 1]**X[8, 6, 1]**X[6, 4, 1] - X[8, 2, 1]**X[2, 1, 2]**X[1, 7, 1]**X[7, 8, 1]	X[1, 2, 1]**X[2, 3, 1]**X[3, 1, 2] - X[1, 2, 2]**X[2, 3, 1]**X[3, 1, 1] - X[1, 5, 1]**X[5, 3, 1]**X[3, 1, 2] - X[4, 3, 1]**X[3, 5, 1]**X[5, 4, 1] + X[4, 6, 1]**X[6, 5, 1]**X[5, 4, 1] + X[4, 8, 1]**X[8, 6, 1]**X[6, 4, 1] - X[6, 5, 1]**X[5, 4, 1]**X[4, 6, 1] + X[6, 7, 1]**X[7, 4, 1]**X[4, 6, 1] - X[7, 4, 1]**X[4, 8, 1]**X[8, 7, 1] + X[1, 5, 1]**X[5, 4, 1]**X[4, 3, 1]**X[3, 1, 1] + X[7, 1, 1]**X[1, 2, 2]**X[2, 8, 1]**X[8, 7, 1] - X[8, 6, 1]**X[6, 7, 1]**X[7, 1, 1]**X[1, 2, 1]**X[2, 8, 1]	-X[1, 2, 2]**X[2, 3, 1]**X[3, 1, 1] + X[1, 4, 1]**X[4, 3, 1]**X[3, 1, 1] - X[4, 3, 1]**X[3, 5, 1]**X[5, 4, 1] + X[4, 6, 1]**X[6, 5, 1]**X[5, 4, 1] - X[5, 1, 1]**X[1, 4, 1]**X[4, 5, 1] + X[5, 7, 1]**X[7, 4, 1]**X[4, 5, 1] - X[5, 7, 1]**X[7, 6, 1]**X[6, 5, 1] + X[8, 7, 2]**X[7, 6, 1]**X[6, 8, 1] + X[2, 3, 1]**X[3, 5, 1]**X[5, 1, 1]**X[1, 2, 1] + X[7, 1, 1]**X[1, 2, 2]**X[2, 8, 1]**X[8, 7, 1] - X[8, 7, 1]**X[7, 4, 1]**X[4, 6, 1]**X[6, 8, 1] - X[8, 7, 2]**X[7, 1, 1]**X[1, 2, 1]**X[2, 8, 1]	X[2, 5, 1]**X[5, 1, 1]**X[1, 2, 1] - X[2, 5, 1]**X[5, 3, 1]**X[3, 2, 1] + X[5, 7, 1]**X[7, 4, 1]**X[4, 5, 1] - X[5, 7, 1]**X[7, 6, 1]**X[6, 5, 1] + X[8, 7, 2]**X[7, 6, 1]**X[6, 8, 1] - X[1, 3, 1]**X[3, 4, 1]**X[4, 5, 1]**X[5, 1, 1] + X[4, 6, 1]**X[6, 5, 1]**X[5, 3, 1]**X[3, 4, 1] - X[8, 7, 1]**X[7, 4, 1]**X[4, 6, 1]**X[6, 8, 1] - X[8, 7, 2]**X[7, 1, 1]**X[1, 2, 1]**X[2, 8, 1] + X[1, 3, 1]**X[3, 2, 1]**X[2, 8, 1]**X[8, 7, 1]**X[7, 1, 1]	-X[1, 2, 2]**X[2, 3, 1]**X[3, 1, 1] + X[1, 4, 1]**X[4, 3, 1]**X[3, 1, 1] - X[4, 3, 1]**X[3, 5, 1]**X[5, 4, 1] + X[4, 6, 1]**X[6, 5, 1]**X[5, 4, 1] - X[5, 1, 1]**X[1, 4, 1]**X[4, 5, 1] + X[5, 7, 1]**X[7, 4, 1]**X[4, 5, 1] + X[7, 1, 1]**X[1, 2, 2]**X[2, 7, 1] - X[7, 4, 1]**X[4, 6, 1]**X[6, 7, 1] - X[7, 8, 1]**X[8, 2, 1]**X[2, 7, 1] + X[7, 8, 1]**X[8, 6, 1]**X[6, 7, 1] - X[8, 1, 1]**X[1, 2, 1]**X[2, 8, 1] + X[8, 1, 1]**X[1, 7, 1]**X[7, 8, 2] + X[2, 3, 1]**X[3, 5, 1]**X[5, 1, 1]**X[1, 2, 1] - X[7, 8, 2]**X[8, 6, 1]**X[6, 5, 1]**X[5, 7, 1]	-X[1, 2, 2]**X[2, 3, 1]**X[3, 1, 1] + X[1, 2, 2]**X[2, 8, 1]**X[8, 1, 1] + X[1, 4, 1]**X[4, 3, 1]**X[3, 1, 1] + X[1, 7, 1]**X[7, 6, 1]**X[6, 1, 1] - X[1, 7, 1]**X[7, 8, 1]**X[8, 1, 1] + X[4, 5, 1]**X[5, 6, 1]**X[6, 4, 2] - X[4, 7, 1]**X[7, 6, 1]**X[6, 4, 2] - X[5, 1, 1]**X[1, 4, 1]**X[4, 5, 1] - X[1, 2, 1]**X[2, 8, 1]**X[8, 6, 1]**X[6, 1, 1] + X[2, 3, 1]**X[3, 5, 1]**X[5, 1, 1]**X[1, 2, 1] - X[4, 3, 1]**X[3, 5, 1]**X[5, 6, 1]**X[6, 4, 1] + X[4, 7, 1]**X[7, 8, 1]**X[8, 6, 1]**X[6, 4, 1]	X[1, 7, 1]**X[7, 6, 1]**X[6, 1, 1] - X[1, 7, 1]**X[7, 8, 1]**X[8, 1, 1] + X[2, 5, 1]**X[5, 1, 1]**X[1, 2, 1] - X[2, 5, 1]**X[5, 3, 1]**X[3, 2, 1] + X[4, 5, 1]**X[5, 3, 1]**X[3, 4, 1] - X[4, 5, 1]**X[5, 6, 1]**X[6, 4, 1] + X[4, 5, 1]**X[5, 6, 1]**X[6, 4, 2] - X[4, 7, 1]**X[7, 6, 1]**X[6, 4, 2] - X[1, 2, 1]**X[2, 8, 1]**X[8, 6, 1]**X[6, 1, 1] + X[1, 3, 1]**X[3, 2, 1]**X[2, 8, 1]**X[8, 1, 1] - X[1, 3, 1]**X[3, 4, 1]**X[4, 5, 1]**X[5, 1, 1] + X[4, 7, 1]**X[7, 8, 1]**X[8, 6, 1]**X[6, 4, 1]	X[1, 2, 1]**X[2, 3, 1]**X[3, 1, 2] - X[1, 2, 2]**X[2, 3, 1]**X[3, 1, 1] + X[1, 2, 2]**X[2, 8, 1]**X[8, 1, 1] - X[1, 5, 1]**X[5, 3, 1]**X[3, 1, 2] + X[1, 7, 1]**X[7, 6, 1]**X[6, 1, 1] - X[1, 7, 1]**X[7, 8, 1]**X[8, 1, 1] + X[6, 3, 1]**X[5, 3, 1]**X[3, 6, 1] - X[6, 4, 1]**X[4, 3, 1]**X[3, 6, 1] - X[1, 2, 1]**X[2, 8, 1]**X[8, 6, 1]**X[6, 1, 1] + X[1, 5, 1]**X[5, 4, 1]**X[4, 3, 1]**X[3, 1, 1] - X[4, 7, 1]**X[7, 6, 1]**X[6, 5, 1]**X[5, 4, 1] + X[4, 7, 1]**X[7, 8, 1]**X[8, 6, 1]**X[6, 4, 1]	-X[1, 2, 2]**X[2, 3, 1]**X[3, 1, 1] + X[1, 4, 1]**X[4, 3, 1]**X[3, 1, 1] - X[5, 1, 1]**X[1, 4, 1]**X[4, 5, 1] + X[6, 8, 1]**X[8, 2, 1]**X[2, 6, 1] + X[7, 1, 1]**X[1, 2, 2]**X[2, 7, 1] - X[7, 8, 1]**X[8, 2, 1]**X[2, 7, 1] + X[2, 3, 1]**X[3, 5, 1]**X[5, 1, 1]**X[1, 2, 1] - X[6, 7, 1]**X[7, 1, 1]**X[1, 2, 1]**X[2, 6, 1] - X[4, 3, 1]**X[3, 5, 1]**X[5, 6, 1]**X[6, 8, 1]**X[8, 4, 1] + X[7, 8, 1]**X[8, 4, 1]**X[4, 5, 1]**X[5, 6, 1]**X[6, 7, 1]
\text{PdP}_{4d} ~(2)	X[1, 4, 1]**X[4, 2, 1]**X[2, 1, 1] - X[1, 7, 1]**X[7, 2, 1]**X[2, 1, 1] + X[2, 3, 1]**X[3, 1, 1]**X[1, 2, 1] - X[2, 8, 1]**X[8, 1, 1]**X[1, 2, 1] - X[3, 1, 1]**X[1, 4, 1]**X[4, 3, 1] + X[7, 2, 1]**X[2, 8, 1]**X[8, 7, 1] + X[3, 5, 1]**X[5, 6, 1]**X[6, 4, 1]**X[4, 3, 1] - X[5, 6, 1]**X[6, 8, 1]**X[8, 7, 1]**X[7, 5, 1] - X[4, 2, 1]**X[2, 3, 1]**X[3, 5, 1]**X[5, 6, 2]**X[6, 4, 1] + X[6, 8, 1]**X[8, 1, 1]**X[1, 7, 1]**X[7, 5, 1]**X[5, 6, 2]
\text{PdP}_{5b} ~(2)	X[1, 3, 1]**X[3, 2, 1]**X[2, 1, 1] - X[1, 9, 1]**X[9, 2, 1]**X[2, 1, 1] + X[2, 4, 1]**X[4, 1, 1]**X[1, 2, 1] - X[2, 8, 1]**X[8, 1, 1]**X[1, 2, 1] - X[3, 2, 1]**X[2, 4, 1]**X[4, 3, 1] + X[5, 8, 1]**X[8, 6, 1]**X[6, 5, 1] - X[7, 5, 1]**X[5, 8, 1]**X[8, 7, 1] + X[8, 1, 1]**X[1, 9, 1]**X[9, 8, 1] - X[8, 6, 1]**X[6, 7, 1]**X[7, 9, 1]**X[9, 8, 1] + X[9, 2, 1]**X[2, 8, 1]**X[8, 7, 1]**X[7, 9, 1] - X[4, 1, 1]**X[1, 3, 1]**X[3, 6, 1]**X[6, 5, 1]**X[5, 4, 1] + X[6, 7, 1]**X[7, 5, 1]**X[5, 4, 1]**X[4, 3, 1]**X[3, 6, 1]
\text{PdP}_{6a} ~(2)	X[1, 3, 1]**X[3, 2, 1]**X[2, 1, 1] - X[1, 9, 1]**X[9, 2, 1]**X[2, 1, 1] + X[2, 4, 1]**X[4, 1, 1]**X[1, 2, 1] - X[2, 10, 1]**X[10, 1, 1]**X[1, 2, 1] - X[3, 2, 1]**X[2, 4, 1]**X[4, 3, 1] + X[5, 7, 1]**X[7, 3, 1]**X[3, 5, 1] - X[6, 5, 1]**X[5, 7, 1]**X[7, 6, 1] + X[6, 8, 1]**X[8, 7, 1]**X[7, 6, 1] - X[7, 3, 1]**X[3, 6, 1]**X[6, 7, 1] + X[7, 10, 1]**X[10, 6, 1]**X[6, 7, 1] - X[8, 7, 1]**X[7, 10, 1]**X[10, 8, 1] + X[10, 1, 1]**X[1, 9, 1]**X[9, 10, 1] + X[3, 6, 1]**X[6, 5, 1]**X[5, 4, 1]**X[4, 3, 1] - X[4, 1, 1]**X[1, 3, 1]**X[3, 5, 1]**X[5, 4, 1] + X[9, 2, 1]**X[2, 10, 1]**X[10, 8, 1]**X[8, 9, 1] - X[10, 6, 1]**X[6, 8, 1]**X[8, 9, 1]**X[9, 10, 1]
K^{2,5,1,4}	-X[1, 2, 1]**X[2, 4, 1]**X[4, 1, 1] + X[1, 3, 1]**X[3, 4, 1]**X[4, 1, 1] + X[2, 4, 1]**X[4, 3, 1]**X[3, 2, 1] - X[3, 4, 1]**X[4, 6, 1]**X[6, 3, 1] - X[4, 3, 1]**X[3, 5, 1]**X[5, 4, 1] + X[7, 10, 1]**X[10, 9, 1]**X[9, 7, 1] + X[8, 9, 1]**X[9, 10, 1]**X[10, 8, 1] - X[9, 10, 1]**X[10, 11, 1]**X[11, 9, 1] - X[10, 9, 1]**X[9, 1, 1]**X[1, 10, 1] + X[10, 11, 1]**X[11, 1, 1]**X[1, 10, 1] + X[3, 5, 1]**X[5, 7, 1]**X[7, 6, 1]**X[6, 3, 1] + X[4, 6, 1]**X[6, 8, 1]**X[8, 5, 1]**X[5, 4, 1] - X[7, 6, 1]**X[6, 8, 1]**X[8, 9, 1]**X[9, 7, 1] + X[9, 1, 1]**X[1, 2, 1]**X[2, 11, 1]**X[11, 9, 1] - X[10, 8, 1]**X[8, 5, 1]**X[5, 7, 1]**X[7, 10, 1] - X[11, 1, 1]**X[1, 3, 1]**X[3, 2, 1]**X[2, 11, 1]
K^{2,5,1,3}	-X[1, 2, 1]**X[2, 3, 1]**X[3, 1, 1] + X[1, 4, 1]**X[4, 3, 1]**X[3, 1, 1] - X[3, 5, 1]**X[5, 6, 1]**X[6, 3, 1] + X[9, 10, 1]**X[10, 1, 1]**X[1, 9, 1] + X[1, 2, 1]**X[2, 10, 1]**X[10, 8, 1]**X[8, 1, 1] + X[2, 3, 1]**X[3, 5, 1]**X[5, 4, 1]**X[4, 2, 1] + X[3, 7, 1]**X[7, 9, 1]**X[9, 6, 1]**X[6, 3, 1] - X[4, 3, 1]**X[3, 7, 1]**X[7, 5, 1]**X[5, 4, 1] + X[5, 6, 1]**X[6, 8, 1]**X[8, 7, 1]**X[7, 5, 1] - X[8, 7, 1]**X[7, 9, 1]**X[9, 10, 1]**X[10, 8, 1] - X[9, 6, 1]**X[6, 8, 1]**X[8, 1, 1]**X[1, 9, 1] - X[10, 1, 1]**X[1, 4, 1]**X[4, 2, 1]**X[2, 10, 1]
K^{2,5,1,2}	-X[2, 1, 1]**X[1, 3, 1]**X[3, 2, 1] + X[2, 4, 1]**X[4, 3, 1]**X[3, 2, 1] - X[3, 5, 1]**X[5, 6, 1]**X[6, 3, 1] - X[4, 3, 1]**X[3, 5, 2]**X[5, 4, 1] + X[5, 6, 1]**X[6, 9, 1]**X[9, 5, 1] + X[7, 8, 1]**X[8, 2, 1]**X[2, 7, 1] + X[1, 3, 1]**X[3, 5, 1]**X[5, 4, 1]**X[4, 1, 1] + X[3, 5, 2]**X[5, 7, 1]**X[7, 6, 1]**X[6, 3, 1] - X[7, 6, 1]**X[6, 9, 1]**X[9, 2, 1]**X[2, 7, 1] - X[8, 2, 1]**X[2, 4, 1]**X[4, 1, 1]**X[1, 8, 1] + X[8, 9, 1]**X[9, 2, 1]**X[2, 1, 1]**X[1, 8, 1] - X[9, 5, 1]**X[5, 7, 1]**X[7, 8, 1]**X[8, 9, 1]
K^{2,5,1,1}	X[1, 2, 1]**X[2, 3, 2]**X[3, 1, 1] - X[2, 3, 2]**X[3, 4, 1]**X[4, 2, 1] - X[3, 1, 1]**X[1, 2, 2]**X[2, 3, 1] + X[3, 4, 1]**X[4, 5, 1]**X[5, 3, 1] + X[6, 7, 1]**X[7, 8, 1]**X[8, 6, 1] - X[7, 8, 1]**X[8, 1, 1]**X[1, 7, 1] + X[8, 1, 1]**X[1, 2, 2]**X[2, 8, 1] - X[8, 1, 2]**X[1, 2, 1]**X[2, 8, 1] + X[2, 3, 1]**X[3, 6, 1]**X[6, 4, 1]**X[4, 2, 1] - X[5, 3, 1]**X[3, 6, 1]**X[6, 7, 1]**X[7, 5, 1] + X[5, 8, 1]**X[8, 1, 2]**X[1, 7, 1]**X[7, 5, 1] - X[6, 4, 1]**X[4, 5, 1]**X[5, 8, 1]**X[8, 6, 1]
K^{4,4,2,4}	-X[1, 2, 1]**X[2, 3, 1]**X[3, 1, 1] + X[10, 11, 1]**X[11, 1, 1]**X[1, 10, 1] + X[1, 4, 1]**X[4, 5, 1]**X[5, 3, 1]**X[3, 1, 1] + X[2, 3, 1]**X[3, 6, 1]**X[6, 4, 1]**X[4, 2, 1] - X[2, 11, 1]**X[11, 1, 1]**X[1, 4, 1]**X[4, 2, 1] - X[5, 3, 1]**X[3, 6, 1]**X[6, 7, 1]**X[7, 5, 1] + X[5, 8, 1]**X[8, 10, 1]**X[10, 7, 1]**X[7, 5, 1] - X[6, 4, 1]**X[4, 5, 1]**X[5, 8, 1]**X[8, 6, 1] + X[6, 7, 1]**X[7, 9, 1]**X[9, 8, 1]**X[8, 6, 1] + X[9, 1, 1]**X[1, 2, 1]**X[2, 11, 1]**X[11, 9, 1] - X[9, 8, 1]**X[8, 10, 1]**X[10, 11, 1]**X[11, 9, 1] - X[10, 7, 1]**X[7, 9, 1]**X[9, 1, 1]**X[1, 10, 1]
K^{4,4,2,2}	X[1, 2, 1]**X[2, 3, 1]**X[3, 1, 1] - X[1, 9, 1]**X[9, 10, 1]**X[10, 1, 1] - X[2, 3, 1]**X[3, 4, 1]**X[4, 2, 1] + X[10, 1, 1]**X[1, 2, 2]**X[2, 10, 1] - X[1, 2, 2]**X[2, 5, 1]**X[5, 3, 1]**X[3, 1, 1] + X[2, 5, 1]**X[5, 6, 1]**X[6, 4, 1]**X[4, 2, 1] + X[4, 7, 1]**X[7, 5, 1]**X[5, 3, 1]**X[3, 4, 1] - X[6, 4, 1]**X[4, 7, 1]**X[7, 8, 1]**X[8, 6, 1] + X[6, 9, 1]**X[9, 10, 1]**X[10, 8, 1]**X[8, 6, 1] - X[7, 5, 1]**X[5, 6, 1]**X[6, 9, 1]**X[9, 7, 1] + X[7, 8, 1]**X[8, 1, 1]**X[1, 9, 1]**X[9, 7, 1] - X[10, 8, 1]**X[8, 1, 1]**X[1, 2, 1]**X[2, 10, 1]
K^{2,4,1,3}	-X[1, 2, 1]**X[2, 3, 1]**X[3, 1, 1] - X[2, 1, 1]**X[1, 4, 1]**X[4, 2, 1] + X[2, 3, 1]**X[3, 4, 1]**X[4, 2, 1] - X[4, 5, 1]**X[5, 6, 1]**X[6, 4, 1] + X[8, 2, 1]**X[2, 1, 1]**X[1, 8, 1] + X[9, 1, 1]**X[1, 2, 1]**X[2, 9, 1] + X[1, 4, 1]**X[4, 5, 1]**X[5, 3, 1]**X[3, 1, 1] - X[3, 4, 1]**X[4, 7, 1]**X[7, 5, 1]**X[5, 3, 1] + X[4, 7, 1]**X[7, 8, 1]**X[8, 6, 1]**X[6, 4, 1] + X[5, 6, 1]**X[6, 9, 1]**X[9, 7, 1]**X[7, 5, 1] - X[8, 6, 1]**X[6, 9, 1]**X[9, 1, 1]**X[1, 8, 1] - X[9, 7, 1]**X[7, 8, 1]**X[8, 2, 1]**X[2, 9, 1]
K^{2,4,1,2}	X[1, 2, 1]**X[2, 3, 1]**X[3, 1, 1] - X[2, 3, 1]**X[3, 5, 1]**X[5, 2, 1] + X[2, 4, 1]**X[4, 5, 1]**X[5, 2, 1] - X[2, 8, 1]**X[8, 1, 1]**X[1, 2, 1] - X[5, 6, 1]**X[6, 7, 1]**X[7, 5, 1] + X[3, 5, 1]**X[5, 6, 1]**X[6, 4, 1]**X[4, 3, 1] - X[4, 5, 1]**X[5, 8, 1]**X[8, 6, 1]**X[6, 4, 1] + X[5, 8, 1]**X[8, 1, 1]**X[1, 7, 1]**X[7, 5, 1] + X[6, 7, 1]**X[7, 2, 1]**X[2, 8, 1]**X[8, 6, 1] - X[1, 7, 1]**X[7, 2, 1]**X[2, 4, 1]**X[4, 3, 1]**X[3, 1, 1]
K^{2,4,1,1}	X[1, 2, 1]**X[2, 3, 1]**X[3, 1, 1] - X[2, 3, 1]**X[3, 4, 2]**X[4, 2, 1] + X[2, 3, 2]**X[3, 4, 1]**X[4, 2, 1] - X[2, 6, 1]**X[6, 1, 1]**X[1, 2, 1] + X[3, 4, 2]**X[4, 5, 1]**X[5, 3, 1] - X[4, 5, 1]**X[5, 7, 1]**X[7, 4, 1] - X[1, 7, 1]**X[7, 2, 1]**X[2, 3, 2]**X[3, 1, 1] - X[3, 4, 1]**X[4, 6, 1]**X[6, 5, 1]**X[5, 3, 1] + X[4, 6, 1]**X[6, 1, 1]**X[1, 7, 1]**X[7, 4, 1] + X[5, 7, 1]**X[7, 2, 1]**X[2, 6, 1]**X[6, 5, 1]
K^{4,3,2,2}	X[1, 3, 1]**X[3, 2, 1]**X[2, 1, 1] + X[8, 9, 1]**X[9, 2, 1]**X[2, 8, 1] - X[9, 2, 1]**X[2, 1, 1]**X[1, 9, 1] - X[3, 2, 1]**X[2, 4, 1]**X[4, 6, 1]**X[6, 3, 1] + X[3, 5, 1]**X[5, 7, 1]**X[7, 6, 1]**X[6, 3, 1] - X[4, 1, 1]**X[1, 3, 1]**X[3, 5, 1]**X[5, 4, 1] + X[4, 6, 1]**X[6, 8, 1]**X[8, 5, 1]**X[5, 4, 1] - X[7, 6, 1]**X[6, 8, 1]**X[8, 9, 1]**X[9, 7, 1] - X[8, 5, 1]**X[5, 7, 1]**X[7, 2, 1]**X[2, 8, 1] + X[2, 4, 1]**X[4, 1, 1]**X[1, 9, 1]**X[9, 7, 1]**X[7, 2, 1]
\text{PdP}_{4e} ~(3)	X[1, 3, 1]**X[3, 2, 1]**X[2, 1, 2] + X[2, 5, 1]**X[5, 4, 1]**X[4, 2, 1] - X[3, 2, 1]**X[2, 5, 1]**X[5, 3, 1] - X[5, 4, 1]**X[4, 6, 1]**X[6, 5, 1] + X[5, 8, 1]**X[8, 6, 1]**X[6, 5, 1] - X[7, 5, 1]**X[5, 8, 1]**X[8, 7, 1] - X[2, 1, 1]**X[1, 3, 1]**X[3, 4, 1]**X[4, 2, 1] + X[7, 2, 1]**X[2, 1, 1]**X[1, 8, 1]**X[8, 7, 1] + X[4, 6, 1]**X[6, 7, 1]**X[7, 5, 1]**X[5, 3, 1]**X[3, 4, 1] - X[8, 6, 1]**X[6, 7, 1]**X[7, 2, 1]**X[2, 1, 2]**X[1, 8, 1]
\text{PdP}_{5c} ~(3)	-X[1, 8, 1]**X[8, 2, 1]**X[2, 1, 1] + X[3, 6, 1]**X[6, 5, 1]**X[5, 3, 1] - X[4, 3, 1]**X[3, 6, 1]**X[6, 4, 1] - X[7, 6, 1]**X[6, 9, 1]**X[9, 7, 1] + X[2, 1, 1]**X[1, 4, 1]**X[4, 3, 1]**X[3, 2, 1] + X[4, 5, 1]**X[5, 7, 1]**X[7, 6, 1]**X[6, 4, 1] - X[6, 5, 1]**X[5, 7, 1]**X[7, 8, 1]**X[8, 6, 1] + X[6, 9, 1]**X[9, 1, 1]**X[1, 8, 1]**X[8, 6, 1] + X[7, 8, 1]**X[8, 2, 1]**X[2, 9, 1]**X[9, 7, 1] - X[2, 9, 1]**X[9, 1, 1]**X[1, 4, 1]**X[4, 5, 1]**X[5, 3, 1]**X[3, 2, 1]
\text{PdP}_{6b} ~(3)	X[1, 4, 1]**X[4, 3, 1]**X[3, 1, 1] + X[4, 6, 1]**X[6, 7, 1]**X[7, 4, 1] - X[5, 4, 1]**X[4, 6, 1]**X[6, 5, 1] - X[7, 8, 1]**X[8, 9, 1]**X[9, 7, 1] - X[1, 9, 1]**X[9, 2, 1]**X[2, 3, 1]**X[3, 1, 1] + X[2, 3, 1]**X[3, 5, 1]**X[5, 4, 1]**X[4, 2, 1] - X[2, 10, 1]**X[10, 1, 1]**X[1, 4, 1]**X[4, 2, 1] - X[4, 3, 1]**X[3, 5, 1]**X[5, 7, 1]**X[7, 4, 1] + X[5, 7, 1]**X[7, 8, 1]**X[8, 6, 1]**X[6, 5, 1] - X[6, 7, 1]**X[7, 10, 1]**X[10, 8, 1]**X[8, 6, 1] + X[7, 10, 1]**X[10, 1, 1]**X[1, 9, 1]**X[9, 7, 1] + X[9, 2, 1]**X[2, 10, 1]**X[10, 8, 1]**X[8, 9, 1]
\text{PdP}_{4f} ~(2)	X[4, 5, 1]**X[5, 3, 1]**X[3, 4, 1] + X[6, 8, 1]**X[8, 7, 1]**X[7, 6, 1] - X[2, 1, 2]**X[1, 3, 1]**X[3, 4, 1]**X[4, 2, 1] - X[5, 3, 1]**X[3, 6, 1]**X[6, 8, 1]**X[8, 5, 1] - X[6, 4, 1]**X[4, 5, 1]**X[5, 7, 1]**X[7, 6, 1] - X[8, 7, 1]**X[7, 2, 1]**X[2, 1, 1]**X[1, 8, 1] + X[1, 3, 1]**X[3, 6, 1]**X[6, 4, 1]**X[4, 2, 1]**X[2, 1, 1] + X[7, 2, 1]**X[2, 1, 2]**X[1, 8, 1]**X[8, 5, 1]**X[5, 7, 1]
\text{PdP}_{6c} ~(3)	-X[6, 3, 1]**X[3, 5, 1]**X[5, 6, 1] - X[8, 7, 1]**X[7, 10, 1]**X[10, 8, 1] + X[1, 3, 1]**X[3, 5, 1]**X[5, 4, 1]**X[4, 1, 1] - X[1, 10, 1]**X[10, 2, 1]**X[2, 4, 1]**X[4, 1, 1] - X[2, 9, 1]**X[9, 1, 1]**X[1, 3, 1]**X[3, 2, 1] + X[4, 6, 1]**X[6, 3, 1]**X[3, 2, 1]**X[2, 4, 1] + X[6, 8, 1]**X[8, 7, 1]**X[7, 5, 1]**X[5, 6, 1] + X[8, 9, 1]**X[9, 1, 1]**X[1, 10, 1]**X[10, 8, 1] + X[10, 2, 1]**X[2, 9, 1]**X[9, 7, 1]**X[7, 10, 1] - X[5, 4, 1]**X[4, 6, 1]**X[6, 8, 1]**X[8, 9, 1]**X[9, 7, 1]**X[7, 5, 1]